genotype,background,temperature,fluctuation,day.length,vernalization,survival.bolt,bolt,days.to.bolt,days.to.flower,rosette.leaf.num,cauline.leaf.num,blade.length.mm,total.leaf.length.mm,blade.ratio
Col Ama,Col,12,Con,16,NV,Y,Y,28,43,18,6,12.9,21.1,0.611374408
Col Ama,Col,12,Con,16,NV,Y,Y,29,44,15,5,10.5,19.1,0.54973822
Col Ama,Col,12,Con,16,NV,Y,Y,31,43,13,4,13.2,23.4,0.564102564
Col Ama,Col,12,Con,16,NV,Y,Y,31,42,17,5,14.6,27.2,0.536764706
Col Ama,Col,12,Con,16,NV,Y,Y,32,44,19,4,13.3,20.4,0.651960784
Col Ama,Col,12,Con,16,NV,Y,Y,33,47,14,4,14.7,25.3,0.581027668
Col Ama,Col,12,Con,16,NV,Y,Y,34,47,15,3,13,23.2,0.560344828
Col Ama,Col,12,Con,16,NV,Y,Y,35,49,18,5,17.8,31.3,0.568690096
Col Ama,Col,12,Con,8,NV,Y,Y,69,90,53,6,20.7,33.1,0.625377644
Col Ama,Col,12,Con,8,NV,Y,Y,72,91,49,5,19.4,33.2,0.584337349
Col Ama,Col,12,Con,8,NV,Y,Y,76,97,51,6,19.3,31.3,0.616613419
Col Ama,Col,12,Con,8,NV,Y,Y,79,99,55,9,22.6,39,0.579487179
Col Ama,Col,12,Con,8,NV,Y,Y,80,101,56,6,23.1,38.2,0.604712042
Col Ama,Col,12,Con,8,NV,Y,Y,88,110,51,9,19.3,32.7,0.590214067
Col Ama,Col,12,Con,8,NV,Y,Y,89,110,61,8,24.6,28.9,0.851211073
Col Ama,Col,12,Con,8,NV,Y,Y,92,111,68,10,27.4,49,0.559183673
Col Ama,Col,12,Var,16,NV,Y,Y,32,44,19,4,15.1,27,0.559259259
Col Ama,Col,12,Var,16,NV,Y,Y,32,45,16,5,16,29.7,0.538720539
Col Ama,Col,12,Var,16,NV,Y,Y,32,46,18,6,17.5,30,0.583333333
Col Ama,Col,12,Var,16,NV,Y,Y,33,45,20,4,15.1,24.3,0.621399177
Col Ama,Col,12,Var,16,NV,Y,Y,33,44,18,5,15,24.5,0.612244898
Col Ama,Col,12,Var,16,NV,Y,Y,33,44,17,4,15.1,21.8,0.69266055
Col Ama,Col,12,Var,16,NV,Y,Y,33,46,16,5,13.7,24.4,0.56147541
Col Ama,Col,12,Var,16,NV,Y,Y,33,46,21,6,17.7,34.6,0.511560694
Col Ama,Col,12,Var,8,NV,Y,Y,68,89,61,10,29.7,42.2,0.703791469
Col Ama,Col,12,Var,8,NV,Y,Y,68,92,50,7,22.1,36.3,0.608815427
Col Ama,Col,12,Var,8,NV,Y,Y,69,92,45,8,19.6,35.7,0.549019608
Col Ama,Col,12,Var,8,NV,Y,Y,69,80,54,11,19,28.8,0.659722222
Col Ama,Col,12,Var,8,NV,Y,Y,77,98,56,13,24.6,41.8,0.588516746
Col Ama,Col,12,Var,8,NV,Y,Y,78,98,53,5,22.4,38.7,0.57881137
Col Ama,Col,12,Var,8,NV,Y,Y,78,100,52,7,24,40.1,0.598503741
Col Ama,Col,12,Var,8,NV,Y,Y,79,99,51,7,23.1,41.7,0.553956835
Col Ama,Col,22,Con,16,NV,Y,Y,18,24,10,2,NA,19.4,0
Col Ama,Col,22,Con,16,NV,Y,Y,18,26,12,3,NA,NA,NA
Col Ama,Col,22,Con,16,NV,Y,Y,20,26,11,2,12.8,20.6,0.621359223
Col Ama,Col,22,Con,16,NV,Y,Y,20,26,11,3,13.7,21.4,0.640186916
Col Ama,Col,22,Con,16,NV,Y,Y,20,27,12,2,NA,NA,NA
Col Ama,Col,22,Con,16,NV,Y,Y,21,26,12,3,12.6,21,0.6
Col Ama,Col,22,Con,16,NV,Y,Y,21,27,13,2,NA,NA,NA
Col Ama,Col,22,Con,16,NV,Y,Y,22,28,12,3,NA,NA,NA
Col Ama,Col,22,Con,8,NV,Y,Y,53,61,39,7,NA,NA,NA
Col Ama,Col,22,Con,8,NV,Y,Y,55,64,33,7,NA,NA,NA
Col Ama,Col,22,Con,8,NV,Y,Y,55,63,40,9,NA,NA,NA
Col Ama,Col,22,Con,8,NV,Y,Y,60,68,39,8,NA,NA,NA
Col Ama,Col,22,Con,8,NV,Y,Y,62,71,49,10,25.7,41.3,0.622276029
Col Ama,Col,22,Con,8,NV,Y,Y,62,68,41,6,NA,NA,NA
Col Ama,Col,22,Con,8,NV,Y,Y,63,NA,NA,NA,NA,NA,NA
Col Ama,Col,22,Con,8,NV,Y,Y,72,79,53,9,22.3,39.9,0.558897243
Col Ama,Col,22,Con,8,NV,Y,Y,73,81,53,8,NA,NA,NA
Col Ama,Col,22,Con,8,NV,Y,Y,82,90,58,11,26.2,44.5,0.588764045
Col Ama,Col,22,Con,8,NV,Y,Y,85,93,59,7,NA,NA,NA
Col Ama,Col,22,Var,16,NV,Y,Y,19,27,8,2,NA,NA,NA
Col Ama,Col,22,Var,16,NV,Y,Y,19,27,8,2,10.2,21.2,0.481132075
Col Ama,Col,22,Var,16,NV,Y,Y,20,28,9,2,12.4,23.2,0.534482759
Col Ama,Col,22,Var,16,NV,Y,Y,20,28,8,2,10.6,21.4,0.495327103
Col Ama,Col,22,Var,16,NV,Y,Y,21,29,7,2,NA,NA,NA
Col Ama,Col,22,Var,16,NV,Y,Y,22,29,8,3,NA,NA,NA
Col Ama,Col,22,Var,16,NV,Y,Y,22,28,10,2,NA,NA,NA
Col Ama,Col,22,Var,16,NV,Y,Y,24,29,9,3,17.4,30.9,0.563106796
Col Ama,Col,22,Var,8,NV,Y,Y,50,58,32,8,NA,NA,NA
Col Ama,Col,22,Var,8,NV,Y,Y,51,60,32,9,NA,NA,NA
Col Ama,Col,22,Var,8,NV,Y,Y,53,61,26,5,NA,NA,NA
Col Ama,Col,22,Var,8,NV,Y,Y,58,66,42,10,NA,NA,NA
Col Ama,Col,22,Var,8,NV,Y,Y,62,69,43,8,29,54.7,0.530164534
Col Ama,Col,22,Var,8,NV,Y,Y,64,71,38,8,29.7,52.5,0.565714286
Col Ama,Col,22,Var,8,NV,Y,Y,72,80,46,6,31,62.2,0.498392283
Col Ama,Col,22,Var,8,NV,Y,Y,72,80,48,7,31.8,57.2,0.555944056
Col Ama,Col,12,Con,16,V,Y,Y,24,37,17,5,13.6,22.1,0.615384615
Col Ama,Col,12,Con,16,V,Y,Y,25,38,19,7,16.8,26.8,0.626865672
Col Ama,Col,12,Con,16,V,Y,Y,25,38,18,6,18.6,27.9,0.666666667
Col Ama,Col,12,Con,16,V,Y,Y,26,40,14,5,12.2,22.8,0.535087719
Col Ama,Col,12,Con,16,V,Y,Y,26,39,19,7,16,24.9,0.642570281
Col Ama,Col,12,Con,16,V,Y,Y,27,41,15,4,12.9,22.2,0.581081081
Col Ama,Col,12,Con,16,V,Y,Y,28,41,15,4,14.4,24.1,0.597510373
Col Ama,Col,12,Con,16,V,Y,Y,29,43,15,5,12.6,21.4,0.588785047
Col Ama,Col,12,Con,8,V,Y,Y,56,75,46,8,17.4,36,0.483333333
Col Ama,Col,12,Con,8,V,Y,Y,59,78,50,11,19.1,29.9,0.638795987
Col Ama,Col,12,Con,8,V,Y,Y,59,78,44,10,12.9,32.7,0.394495413
Col Ama,Col,12,Con,8,V,Y,Y,61,81,47,10,19.2,35,0.548571429
Col Ama,Col,12,Con,8,V,Y,Y,68,90,44,10,20.5,37.6,0.545212766
Col Ama,Col,12,Con,8,V,Y,Y,68,90,45,9,23.9,38.1,0.627296588
Col Ama,Col,12,Con,8,V,Y,Y,74,94,35,9,32.9,50.5,0.651485149
Col Ama,Col,12,Con,8,V,Y,Y,76,96,45,9,20.8,32.5,0.64
Col Ama,Col,12,Var,16,V,Y,Y,26,38,17,5,13.3,22.7,0.585903084
Col Ama,Col,12,Var,16,V,Y,Y,26,38,16,4,13.4,22,0.609090909
Col Ama,Col,12,Var,16,V,Y,Y,26,39,14,4,12.2,20.8,0.586538462
Col Ama,Col,12,Var,16,V,Y,Y,27,40,17,6,13.8,22.7,0.607929515
Col Ama,Col,12,Var,16,V,Y,Y,27,39,16,4,13.7,24.1,0.56846473
Col Ama,Col,12,Var,16,V,Y,Y,27,41,19,7,15.4,27.7,0.555956679
Col Ama,Col,12,Var,16,V,Y,Y,28,41,19,7,15.7,25.6,0.61328125
Col Ama,Col,12,Var,16,V,Y,Y,31,43,20,6,19,34.5,0.550724638
Col Ama,Col,12,Var,8,V,Y,Y,57,75,43,11,25.6,46.7,0.548179872
Col Ama,Col,12,Var,8,V,Y,Y,59,77,39,11,19.7,32.8,0.600609756
Col Ama,Col,12,Var,8,V,Y,Y,61,81,44,12,22.8,36.2,0.629834254
Col Ama,Col,12,Var,8,V,Y,Y,62,82,47,11,27.7,43.6,0.635321101
Col Ama,Col,12,Var,8,V,Y,Y,64,81,41,11,22.9,36.7,0.623978202
Col Ama,Col,12,Var,8,V,Y,Y,65,88,45,10,26,43.2,0.601851852
Col Ama,Col,12,Var,8,V,Y,Y,69,91,44,10,24.6,39.1,0.62915601
Col Ama,Col,12,Var,8,V,Y,Y,69,91,44,10,22.1,36.8,0.600543478
Col Ama,Col,22,Con,16,V,Y,Y,15,22,12,3,NA,17.4,0
Col Ama,Col,22,Con,16,V,Y,Y,16,23,12,2,NA,NA,NA
Col Ama,Col,22,Con,16,V,Y,Y,17,22,12,3,NA,18.4,0
Col Ama,Col,22,Con,16,V,Y,Y,17,22,13,3,NA,20.1,0
Col Ama,Col,22,Con,16,V,Y,Y,17,21,10,1,NA,18.4,0
Col Ama,Col,22,Con,16,V,Y,Y,17,24,12,3,NA,NA,NA
Col Ama,Col,22,Con,16,V,Y,Y,18,25,9,2,NA,NA,NA
Col Ama,Col,22,Con,16,V,Y,Y,18,25,11,3,NA,NA,NA
Col Ama,Col,22,Con,8,V,Y,Y,45,53,39,7,NA,NA,NA
Col Ama,Col,22,Con,8,V,Y,Y,48,55,41,9,NA,NA,NA
Col Ama,Col,22,Con,8,V,Y,Y,48,53,39,8,NA,NA,NA
Col Ama,Col,22,Con,8,V,Y,Y,48,55,38,9,NA,NA,NA
Col Ama,Col,22,Con,8,V,Y,Y,49,56,42,8,NA,NA,NA
Col Ama,Col,22,Con,8,V,Y,Y,49,57,39,7,NA,NA,NA
Col Ama,Col,22,Con,8,V,Y,Y,52,59,40,9,27.2,46.6,0.583690987
Col Ama,Col,22,Con,8,V,Y,Y,52,59,42,9,NA,NA,NA
Col Ama,Col,22,Con,8,V,Y,Y,53,59,39,10,22.5,44.1,0.510204082
Col Ama,Col,22,Con,8,V,Y,Y,55,61,38,10,NA,NA,NA
Col Ama,Col,22,Con,8,V,Y,Y,58,64,42,10,25.2,47.4,0.53164557
Col Ama,Col,22,Con,8,V,Y,Y,60,66,45,11,27.5,51.2,0.537109375
Col Ama,Col,22,Var,16,V,Y,Y,17,25,10,1,NA,21.8,0
Col Ama,Col,22,Var,16,V,Y,Y,17,24,10,2,NA,20.5,0
Col Ama,Col,22,Var,16,V,Y,Y,17,25,7,3,NA,NA,NA
Col Ama,Col,22,Var,16,V,Y,Y,19,27,11,2,13.9,24.6,0.56504065
Col Ama,Col,22,Var,16,V,Y,Y,19,26,10,2,13.2,24.5,0.53877551
Col Ama,Col,22,Var,16,V,Y,Y,19,26,11,2,NA,NA,NA
Col Ama,Col,22,Var,16,V,Y,Y,19,26,12,1,NA,NA,NA
Col Ama,Col,22,Var,16,V,Y,Y,20,25,9,2,NA,NA,NA
Col Ama,Col,22,Var,8,V,Y,Y,43,50,25,5,27.2,51.8,0.525096525
Col Ama,Col,22,Var,8,V,Y,Y,43,51,26,7,27,51.8,0.521235521
Col Ama,Col,22,Var,8,V,Y,Y,43,50,31,7,NA,NA,NA
Col Ama,Col,22,Var,8,V,Y,Y,44,54,28,7,28.4,56,0.507142857
Col Ama,Col,22,Var,8,V,Y,Y,44,51,27,5,NA,NA,NA
Col Ama,Col,22,Var,8,V,Y,Y,45,53,31,6,NA,NA,NA
Col Ama,Col,22,Var,8,V,Y,Y,46,51,32,5,NA,NA,NA
Col Ama,Col,22,Var,8,V,Y,Y,50,58,29,8,21.2,27.2,0.779411765
Col FRI,Col FRI,12,Con,16,NV,Y,Y,53,65,50,11,23,32.9,0.699088146
Col FRI,Col FRI,12,Con,16,NV,Y,Y,56,72,45,9,23.6,34.7,0.680115274
Col FRI,Col FRI,12,Con,16,NV,Y,Y,57,74,43,9,23.1,34,0.679411765
Col FRI,Col FRI,12,Con,16,NV,Y,Y,57,74,43,7,20.4,33.5,0.608955224
Col FRI,Col FRI,12,Con,16,NV,Y,Y,59,73,64,11,25.3,43.5,0.581609195
Col FRI,Col FRI,12,Con,16,NV,Y,Y,60,74,54,8,19.3,32.2,0.599378882
Col FRI,Col FRI,12,Con,16,NV,Y,Y,60,74,59,10,23.5,38.7,0.607235142
Col FRI,Col FRI,12,Con,16,NV,Y,Y,62,75,42,7,25.2,34.6,0.728323699
Col FRI,Col FRI,12,Con,8,NV,Y,Y,90,110,61,7,18,31.8,0.566037736
Col FRI,Col FRI,12,Con,8,NV,Y,Y,90,109,76,7,24,40.5,0.592592593
Col FRI,Col FRI,12,Con,8,NV,Y,Y,91,111,69,6,19.2,33.8,0.568047337
Col FRI,Col FRI,12,Con,8,NV,Y,Y,96,96,70,11,26.7,44.7,0.597315436
Col FRI,Col FRI,12,Con,8,NV,Y,Y,96,117,64,7,22.1,38.7,0.571059432
Col FRI,Col FRI,12,Con,8,NV,Y,Y,97,119,71,7,23.8,40.1,0.593516209
Col FRI,Col FRI,12,Con,8,NV,Y,Y,98,119,63,9,20.7,33.5,0.617910448
Col FRI,Col FRI,12,Con,8,NV,Y,Y,103,137,59,10,22.3,36,0.619444444
Col FRI,Col FRI,12,Var,16,NV,Y,Y,55,68,43,9,22.4,40,0.56
Col FRI,Col FRI,12,Var,16,NV,Y,Y,56,68,46,9,24.7,44.1,0.560090703
Col FRI,Col FRI,12,Var,16,NV,Y,Y,57,70,40,10,21.2,40.2,0.527363184
Col FRI,Col FRI,12,Var,16,NV,Y,Y,57,71,50,9,27.4,42.5,0.644705882
Col FRI,Col FRI,12,Var,16,NV,Y,Y,61,77,58,11,29.2,51.2,0.5703125
Col FRI,Col FRI,12,Var,16,NV,Y,Y,62,74,56,8,26.8,43.7,0.613272311
Col FRI,Col FRI,12,Var,16,NV,Y,Y,62,75,53,9,24.8,41.3,0.600484262
Col FRI,Col FRI,12,Var,16,NV,Y,Y,63,78,50,9,24.8,43.8,0.566210046
Col FRI,Col FRI,12,Var,8,NV,Y,Y,87,98,70,8,28,44.1,0.634920635
Col FRI,Col FRI,12,Var,8,NV,Y,Y,93,119,63,8,23.4,42.9,0.545454545
Col FRI,Col FRI,12,Var,8,NV,Y,Y,93,118,61,8,25.4,42.7,0.594847775
Col FRI,Col FRI,12,Var,8,NV,Y,Y,95,113,68,6,24.7,39,0.633333333
Col FRI,Col FRI,12,Var,8,NV,Y,Y,97,120,62,7,25,41.1,0.608272506
Col FRI,Col FRI,12,Var,8,NV,Y,Y,98,118,61,7,18.2,33.1,0.549848943
Col FRI,Col FRI,12,Var,8,NV,Y,Y,101,122,66,8,22.3,36.7,0.607629428
Col FRI,Col FRI,12,Var,8,NV,Y,Y,102,122,66,9,21.3,33.3,0.63963964
Col FRI,Col FRI,22,Con,16,NV,Y,Y,44,49,35,8,23.9,38.2,0.62565445
Col FRI,Col FRI,22,Con,16,NV,Y,Y,44,49,40,8,NA,NA,NA
Col FRI,Col FRI,22,Con,16,NV,Y,Y,53,59,43,9,19.8,34,0.582352941
Col FRI,Col FRI,22,Con,16,NV,Y,Y,65,72,50,8,26.1,39.3,0.664122137
Col FRI,Col FRI,22,Con,16,NV,Y,Y,68,73,52,12,NA,NA,NA
Col FRI,Col FRI,22,Con,16,NV,Y,Y,70,77,50,9,19.5,28.3,0.689045936
Col FRI,Col FRI,22,Con,16,NV,Y,Y,73,79,58,13,NA,NA,NA
Col FRI,Col FRI,22,Con,16,NV,Y,Y,79,87,56,12,NA,NA,NA
Col FRI,Col FRI,22,Con,8,NV,Y,Y,142,149,NA,NA,NA,NA,NA
Col FRI,Col FRI,22,Con,8,NV,Y,N,162,NA,NA,NA,NA,NA,NA
Col FRI,Col FRI,22,Con,8,NV,Y,N,162,NA,NA,NA,NA,NA,NA
Col FRI,Col FRI,22,Con,8,NV,Y,N,162,NA,NA,NA,NA,NA,NA
Col FRI,Col FRI,22,Con,8,NV,Y,N,162,NA,NA,NA,NA,NA,NA
Col FRI,Col FRI,22,Con,8,NV,Y,N,162,NA,NA,NA,NA,NA,NA
Col FRI,Col FRI,22,Con,8,NV,Y,N,162,NA,NA,NA,NA,NA,NA
Col FRI,Col FRI,22,Con,8,NV,Y,N,162,NA,NA,NA,NA,NA,NA
Col FRI,Col FRI,22,Var,16,NV,Y,Y,36,44,27,3,22,41.2,0.533980583
Col FRI,Col FRI,22,Var,16,NV,Y,Y,38,44,27,5,24.8,46.4,0.534482759
Col FRI,Col FRI,22,Var,16,NV,Y,Y,38,45,31,5,24.5,43.3,0.565819861
Col FRI,Col FRI,22,Var,16,NV,Y,Y,40,47,30,5,24.4,39,0.625641026
Col FRI,Col FRI,22,Var,16,NV,Y,Y,45,52,31,5,NA,NA,NA
Col FRI,Col FRI,22,Var,16,NV,Y,Y,45,53,33,5,NA,NA,NA
Col FRI,Col FRI,22,Var,16,NV,Y,Y,45,52,33,7,NA,NA,NA
Col FRI,Col FRI,22,Var,16,NV,Y,Y,46,NA,36,7,NA,NA,NA
Col FRI,Col FRI,22,Var,8,NV,Y,Y,78,89,46,9,NA,NA,NA
Col FRI,Col FRI,22,Var,8,NV,Y,Y,78,90,59,8,NA,NA,NA
Col FRI,Col FRI,22,Var,8,NV,Y,Y,93,105,72,8,NA,NA,NA
Col FRI,Col FRI,22,Var,8,NV,Y,Y,113,141,NA,NA,NA,NA,NA
Col FRI,Col FRI,12,Con,16,V,Y,Y,32,44,25,5,16,20.5,0.780487805
Col FRI,Col FRI,12,Con,16,V,Y,Y,33,46,23,8,18.4,32.2,0.571428571
Col FRI,Col FRI,12,Con,16,V,Y,Y,33,47,20,7,14.4,26.3,0.547528517
Col FRI,Col FRI,12,Con,16,V,Y,Y,33,47,21,8,17.4,32.2,0.540372671
Col FRI,Col FRI,12,Con,16,V,Y,Y,34,47,22,8,19.8,33.6,0.589285714
Col FRI,Col FRI,12,Con,16,V,Y,Y,34,45,28,9,16.1,26.5,0.60754717
Col FRI,Col FRI,12,Con,16,V,Y,Y,36,48,30,10,17.9,29.4,0.608843537
Col FRI,Col FRI,12,Con,16,V,Y,Y,36,47,31,10,20.1,36.4,0.552197802
Col FRI,Col FRI,12,Con,8,V,Y,Y,64,82,55,11,21.6,38,0.568421053
Col FRI,Col FRI,12,Con,8,V,Y,Y,65,82,51,8,15.5,29,0.534482759
Col FRI,Col FRI,12,Con,8,V,Y,Y,67,86,49,9,19.8,32,0.61875
Col FRI,Col FRI,12,Con,8,V,Y,Y,68,85,52,9,19.5,32.3,0.60371517
Col FRI,Col FRI,12,Con,8,V,Y,Y,77,101,54,6,20.4,38.3,0.532637076
Col FRI,Col FRI,12,Con,8,V,Y,Y,77,97,55,9,31,47.3,0.655391121
Col FRI,Col FRI,12,Con,8,V,Y,Y,80,103,51,7,20.6,33.5,0.614925373
Col FRI,Col FRI,12,Con,8,V,Y,Y,80,102,44,7,21.2,40,0.53
Col FRI,Col FRI,12,Var,16,V,Y,Y,32,45,25,7,17.2,33.5,0.513432836
Col FRI,Col FRI,12,Var,16,V,Y,Y,32,46,34,10,23.3,40.7,0.572481572
Col FRI,Col FRI,12,Var,16,V,Y,Y,33,45,27,6,19,30,0.633333333
Col FRI,Col FRI,12,Var,16,V,Y,Y,33,46,29,5,17,29.1,0.58419244
Col FRI,Col FRI,12,Var,16,V,Y,Y,34,47,26,8,19.2,37.2,0.516129032
Col FRI,Col FRI,12,Var,16,V,Y,Y,35,47,26,7,19.3,33.9,0.569321534
Col FRI,Col FRI,12,Var,16,V,Y,Y,36,45,30,6,16.9,31.4,0.538216561
Col FRI,Col FRI,12,Var,16,V,Y,Y,37,48,28,8,18.2,30.9,0.588996764
Col FRI,Col FRI,12,Var,8,V,Y,Y,63,82,48,10,18.9,36.7,0.514986376
Col FRI,Col FRI,12,Var,8,V,Y,Y,64,84,49,11,26,41.1,0.632603406
Col FRI,Col FRI,12,Var,8,V,Y,Y,64,82,49,10,19,32.5,0.584615385
Col FRI,Col FRI,12,Var,8,V,Y,Y,64,82,51,11,28.3,45.4,0.623348018
Col FRI,Col FRI,12,Var,8,V,Y,Y,68,90,51,10,21.4,40.1,0.533665835
Col FRI,Col FRI,12,Var,8,V,Y,Y,69,91,39,10,26.7,45.4,0.588105727
Col FRI,Col FRI,12,Var,8,V,Y,Y,74,94,48,11,22.7,42.5,0.534117647
Col FRI,Col FRI,12,Var,8,V,Y,Y,74,95,48,9,23.4,38.8,0.603092784
Col FRI,Col FRI,22,Con,16,V,Y,Y,20,26,16,4,NA,22.7,0
Col FRI,Col FRI,22,Con,16,V,Y,Y,20,27,16,4,16.6,26.3,0.631178707
Col FRI,Col FRI,22,Con,16,V,Y,Y,20,28,16,4,NA,NA,NA
Col FRI,Col FRI,22,Con,16,V,Y,Y,21,28,17,4,14,22.1,0.633484163
Col FRI,Col FRI,22,Con,16,V,Y,Y,21,28,18,4,NA,NA,NA
Col FRI,Col FRI,22,Con,16,V,Y,Y,23,28,18,5,20.3,34,0.597058824
Col FRI,Col FRI,22,Con,16,V,Y,Y,23,29,15,3,NA,NA,NA
Col FRI,Col FRI,22,Con,16,V,Y,Y,25,29,18,5,NA,NA,NA
Col FRI,Col FRI,22,Con,8,V,Y,Y,55,62,48,8,NA,NA,NA
Col FRI,Col FRI,22,Con,8,V,Y,Y,56,63,43,9,NA,NA,NA
Col FRI,Col FRI,22,Con,8,V,Y,Y,57,65,45,11,NA,NA,NA
Col FRI,Col FRI,22,Con,8,V,Y,Y,61,67,50,9,25.1,45.4,0.552863436
Col FRI,Col FRI,22,Con,8,V,Y,Y,61,68,51,9,NA,NA,NA
Col FRI,Col FRI,22,Con,8,V,Y,Y,62,70,46,8,32.8,55.9,0.586762075
Col FRI,Col FRI,22,Con,8,V,Y,Y,62,70,47,8,NA,NA,NA
Col FRI,Col FRI,22,Con,8,V,Y,Y,62,68,45,12,NA,NA,NA
Col FRI,Col FRI,22,Con,8,V,Y,Y,62,69,54,9,NA,NA,NA
Col FRI,Col FRI,22,Con,8,V,Y,Y,63,69,50,8,NA,NA,NA
Col FRI,Col FRI,22,Con,8,V,Y,Y,69,76,48,9,25.7,42.7,0.601873536
Col FRI,Col FRI,22,Con,8,V,Y,Y,70,77,51,9,24.7,38.3,0.644908616
Col FRI,Col FRI,22,Var,16,V,Y,Y,21,30,15,4,14.8,28.8,0.513888889
Col FRI,Col FRI,22,Var,16,V,Y,Y,23,30,14,3,19.1,33.7,0.566765579
Col FRI,Col FRI,22,Var,16,V,Y,Y,24,32,14,3,17.2,32.3,0.53250774
Col FRI,Col FRI,22,Var,16,V,Y,Y,24,30,13,3,18.8,39.4,0.47715736
Col FRI,Col FRI,22,Var,16,V,Y,Y,25,31,14,2,NA,NA,NA
Col FRI,Col FRI,22,Var,16,V,Y,Y,25,32,15,3,NA,NA,NA
Col FRI,Col FRI,22,Var,16,V,Y,Y,25,32,13,3,NA,NA,NA
Col FRI,Col FRI,22,Var,16,V,Y,Y,26,33,13,2,NA,NA,NA
Col FRI,Col FRI,22,Var,8,V,Y,Y,49,56,36,12,NA,NA,NA
Col FRI,Col FRI,22,Var,8,V,Y,Y,52,58,39,8,27.7,57.3,0.483420593
Col FRI,Col FRI,22,Var,8,V,Y,Y,54,61,42,8,28.1,53.2,0.528195489
Col FRI,Col FRI,22,Var,8,V,Y,Y,54,60,36,8,27.2,43,0.63255814
Col FRI,Col FRI,22,Var,8,V,Y,Y,54,63,41,8,NA,NA,NA
Col FRI,Col FRI,22,Var,8,V,Y,Y,54,60,38,9,NA,NA,NA
Col FRI,Col FRI,22,Var,8,V,Y,Y,56,62,34,5,27.2,50.2,0.541832669
Col FRI,Col FRI,22,Var,8,V,Y,Y,56,62,38,10,NA,NA,NA
fca-6,Ler,12,Con,16,NV,Y,Y,39,53,27,10,16.1,26,0.619230769
fca-6,Ler,12,Con,16,NV,Y,Y,40,53,28,11,19.2,29.2,0.657534247
fca-6,Ler,12,Con,16,NV,Y,Y,41,55,27,9,15.9,25.5,0.623529412
fca-6,Ler,12,Con,16,NV,Y,Y,41,58,34,10,19.7,35.6,0.553370787
fca-6,Ler,12,Con,16,NV,Y,Y,43,58,24,8,14.1,23.6,0.597457627
fca-6,Ler,12,Con,16,NV,Y,Y,44,59,25,10,18.3,30.8,0.594155844
fca-6,Ler,12,Con,16,NV,Y,Y,44,58,24,11,14.9,25.4,0.586614173
fca-6,Ler,12,Con,16,NV,Y,Y,45,61,26,12,17.1,27.6,0.619565217
fca-6,Ler,12,Con,8,NV,Y,Y,64,83,44,11,19,27.9,0.681003584
fca-6,Ler,12,Con,8,NV,Y,Y,66,86,42,9,18.9,25.6,0.73828125
fca-6,Ler,12,Con,8,NV,Y,Y,67,89,42,10,20.1,30.7,0.654723127
fca-6,Ler,12,Con,8,NV,Y,Y,68,89,49,10,19.4,31.3,0.619808307
fca-6,Ler,12,Con,8,NV,Y,Y,81,106,42,11,22.6,36.6,0.617486339
fca-6,Ler,12,Con,8,NV,Y,Y,83,109,46,9,21.3,32.9,0.647416413
fca-6,Ler,12,Con,8,NV,Y,Y,84,109,46,10,20.2,31.6,0.639240506
fca-6,Ler,12,Con,8,NV,Y,Y,86,108,49,12,31.2,45.4,0.68722467
fca-6,Ler,12,Var,16,NV,Y,Y,38,53,24,9,15.5,24.3,0.637860082
fca-6,Ler,12,Var,16,NV,Y,Y,39,54,24,10,17.6,29.5,0.596610169
fca-6,Ler,12,Var,16,NV,Y,Y,40,55,26,10,17.2,29.3,0.587030717
fca-6,Ler,12,Var,16,NV,Y,Y,42,56,26,10,25.5,40.6,0.628078818
fca-6,Ler,12,Var,16,NV,Y,Y,43,58,28,11,8.1,30.6,0.264705882
fca-6,Ler,12,Var,16,NV,Y,Y,43,57,27,11,18.7,31.2,0.599358974
fca-6,Ler,12,Var,16,NV,Y,Y,44,62,31,10,17,30,0.566666667
fca-6,Ler,12,Var,16,NV,Y,Y,45,57,21,12,16.8,25.4,0.661417323
fca-6,Ler,12,Var,8,NV,Y,Y,65,87,46,11,22.1,28.6,0.772727273
fca-6,Ler,12,Var,8,NV,Y,Y,66,85,41,9,15,27,0.555555556
fca-6,Ler,12,Var,8,NV,Y,Y,68,90,40,11,19.6,21.2,0.924528302
fca-6,Ler,12,Var,8,NV,Y,Y,68,92,51,17,32,45.3,0.706401766
fca-6,Ler,12,Var,8,NV,Y,Y,75,98,43,11,22,33.5,0.656716418
fca-6,Ler,12,Var,8,NV,Y,Y,77,99,45,10,24.3,36.7,0.662125341
fca-6,Ler,12,Var,8,NV,Y,Y,79,102,44,9,23.9,36.2,0.660220994
fca-6,Ler,12,Var,8,NV,Y,Y,79,100,49,10,25.5,38.2,0.667539267
fca-6,Ler,22,Con,16,NV,Y,Y,29,36,21,5,16.9,27.4,0.616788321
fca-6,Ler,22,Con,16,NV,Y,Y,31,38,22,7,18.7,29.2,0.640410959
fca-6,Ler,22,Con,16,NV,Y,Y,32,38,24,7,15.8,26.8,0.589552239
fca-6,Ler,22,Con,16,NV,Y,Y,33,40,24,7,17.8,29.1,0.611683849
fca-6,Ler,22,Con,16,NV,Y,Y,33,40,25,7,NA,NA,NA
fca-6,Ler,22,Con,16,NV,Y,Y,33,39,24,8,NA,NA,NA
fca-6,Ler,22,Con,16,NV,Y,Y,34,40,25,6,NA,NA,NA
fca-6,Ler,22,Con,16,NV,Y,Y,40,45,27,8,NA,NA,NA
fca-6,Ler,22,Con,8,NV,Y,Y,105,112,75,11,NA,NA,NA
fca-6,Ler,22,Con,8,NV,Y,Y,115,122,58,8,NA,NA,NA
fca-6,Ler,22,Con,8,NV,Y,Y,130,142,NA,NA,NA,NA,NA
fca-6,Ler,22,Con,8,NV,Y,Y,130,141,NA,NA,NA,NA,NA
fca-6,Ler,22,Con,8,NV,Y,N,162,NA,NA,NA,NA,NA,NA
fca-6,Ler,22,Con,8,NV,Y,N,162,NA,NA,NA,NA,NA,NA
fca-6,Ler,22,Con,8,NV,Y,N,162,NA,NA,NA,NA,NA,NA
fca-6,Ler,22,Con,8,NV,Y,N,162,NA,NA,NA,NA,NA,NA
fca-6,Ler,22,Var,16,NV,Y,Y,28,36,14,4,14.9,22.5,0.662222222
fca-6,Ler,22,Var,16,NV,Y,Y,28,35,13,2,NA,NA,NA
fca-6,Ler,22,Var,16,NV,Y,Y,28,35,11,NA,NA,NA,NA
fca-6,Ler,22,Var,16,NV,Y,Y,29,36,13,3,14.3,27.2,0.525735294
fca-6,Ler,22,Var,16,NV,Y,Y,29,36,14,4,14.1,26.1,0.540229885
fca-6,Ler,22,Var,16,NV,Y,Y,29,36,11,2,NA,NA,NA
fca-6,Ler,22,Var,16,NV,Y,Y,30,37,13,3,15.4,27.9,0.551971326
fca-6,Ler,22,Var,16,NV,Y,Y,32,36,12,3,NA,NA,NA
fca-6,Ler,22,Var,8,NV,Y,Y,68,75,38,6,35,57.9,0.604490501
fca-6,Ler,22,Var,8,NV,Y,Y,71,79,35,7,NA,NA,NA
fca-6,Ler,22,Var,8,NV,Y,Y,72,80,46,7,30.8,55.4,0.555956679
fca-6,Ler,22,Var,8,NV,Y,Y,72,80,42,9,NA,NA,NA
fca-6,Ler,22,Var,8,NV,Y,Y,76,83,43,8,NA,NA,NA
fca-6,Ler,22,Var,8,NV,Y,Y,77,84,49,8,23.3,49.3,0.472616633
fca-6,Ler,22,Var,8,NV,Y,Y,82,90,56,8,29.1,54,0.538888889
fca-6,Ler,22,Var,8,NV,Y,Y,88,97,52,6,NA,NA,NA
flc-3 FRI,Col FRI,12,Con,16,NV,Y,Y,26,39,10,1,8.2,13.1,0.625954198
flc-3 FRI,Col FRI,12,Con,16,NV,Y,Y,27,39,13,4,12.8,20.7,0.618357488
flc-3 FRI,Col FRI,12,Con,16,NV,Y,Y,28,43,12,4,9,15.5,0.580645161
flc-3 FRI,Col FRI,12,Con,16,NV,Y,Y,30,43,15,5,12.6,17.9,0.703910615
flc-3 FRI,Col FRI,12,Con,16,NV,Y,Y,31,43,13,4,12.8,22.2,0.576576577
flc-3 FRI,Col FRI,12,Con,16,NV,Y,Y,31,44,12,4,12,21.7,0.552995392
flc-3 FRI,Col FRI,12,Con,16,NV,Y,Y,31,43,12,3,13.4,23.3,0.575107296
flc-3 FRI,Col FRI,12,Con,16,NV,Y,Y,32,44,18,6,13.6,21.8,0.623853211
flc-3 FRI,Col FRI,12,Con,8,NV,Y,Y,66,85,52,9,19.6,35.2,0.556818182
flc-3 FRI,Col FRI,12,Con,8,NV,Y,Y,70,88,49,6,18,30.8,0.584415584
flc-3 FRI,Col FRI,12,Con,8,NV,Y,Y,70,90,50,7,19.4,33.1,0.586102719
flc-3 FRI,Col FRI,12,Con,8,NV,Y,Y,73,90,46,6,19.7,32.8,0.600609756
flc-3 FRI,Col FRI,12,Con,8,NV,Y,Y,82,105,55,7,20.1,30.6,0.656862745
flc-3 FRI,Col FRI,12,Con,8,NV,Y,Y,89,109,59,10,23.8,37.8,0.62962963
flc-3 FRI,Col FRI,12,Con,8,NV,Y,Y,90,111,59,12,31.4,49.7,0.631790744
flc-3 FRI,Col FRI,12,Con,8,NV,Y,Y,92,112,53,10,20.4,35.3,0.577903683
flc-3 FRI,Col FRI,12,Var,16,NV,Y,Y,29,42,13,3,11.7,17.2,0.680232558
flc-3 FRI,Col FRI,12,Var,16,NV,Y,Y,30,42,15,5,14.3,23.8,0.600840336
flc-3 FRI,Col FRI,12,Var,16,NV,Y,Y,31,43,17,5,14.7,25.4,0.578740157
flc-3 FRI,Col FRI,12,Var,16,NV,Y,Y,32,44,15,4,15.2,27.3,0.556776557
flc-3 FRI,Col FRI,12,Var,16,NV,Y,Y,32,46,16,4,19.2,20.5,0.936585366
flc-3 FRI,Col FRI,12,Var,16,NV,Y,Y,32,45,15,5,15.7,25.7,0.610894942
flc-3 FRI,Col FRI,12,Var,16,NV,Y,Y,33,44,18,5,15.4,25.3,0.608695652
flc-3 FRI,Col FRI,12,Var,16,NV,Y,Y,34,46,16,5,15.8,29.5,0.53559322
flc-3 FRI,Col FRI,12,Var,8,NV,Y,Y,68,87,47,9,22.8,37.8,0.603174603
flc-3 FRI,Col FRI,12,Var,8,NV,Y,Y,69,89,44,8,19.8,33.9,0.584070796
flc-3 FRI,Col FRI,12,Var,8,NV,Y,Y,69,89,47,8,21.1,35.3,0.597733711
flc-3 FRI,Col FRI,12,Var,8,NV,Y,Y,73,92,56,9,28,49.3,0.567951318
flc-3 FRI,Col FRI,12,Var,8,NV,Y,Y,76,93,46,8,23,40.3,0.570719603
flc-3 FRI,Col FRI,12,Var,8,NV,Y,Y,77,97,49,8,22.1,32.5,0.68
flc-3 FRI,Col FRI,12,Var,8,NV,Y,Y,78,102,54,5,21.1,36.4,0.57967033
flc-3 FRI,Col FRI,12,Var,8,NV,Y,Y,79,99,50,7,25.1,41.6,0.603365385
flc-3 FRI,Col FRI,22,Con,16,NV,Y,Y,17,23,9,2,NA,15.2,0
flc-3 FRI,Col FRI,22,Con,16,NV,Y,Y,18,24,9,3,NA,16.8,0
flc-3 FRI,Col FRI,22,Con,16,NV,Y,Y,18,24,8,3,NA,19.1,0
flc-3 FRI,Col FRI,22,Con,16,NV,Y,Y,18,23,7,2,NA,15.8,0
flc-3 FRI,Col FRI,22,Con,16,NV,Y,Y,18,26,11,3,NA,NA,NA
flc-3 FRI,Col FRI,22,Con,16,NV,Y,Y,18,26,11,3,NA,NA,NA
flc-3 FRI,Col FRI,22,Con,16,NV,Y,Y,19,25,11,3,NA,NA,NA
flc-3 FRI,Col FRI,22,Con,16,NV,Y,Y,20,27,11,3,NA,NA,NA
flc-3 FRI,Col FRI,22,Con,8,NV,Y,Y,54,61,37,9,NA,NA,NA
flc-3 FRI,Col FRI,22,Con,8,NV,Y,Y,55,63,38,8,NA,NA,NA
flc-3 FRI,Col FRI,22,Con,8,NV,Y,Y,55,63,42,9,NA,NA,NA
flc-3 FRI,Col FRI,22,Con,8,NV,Y,Y,55,61,40,7,NA,NA,NA
flc-3 FRI,Col FRI,22,Con,8,NV,Y,Y,57,65,41,7,31.7,47.4,0.668776371
flc-3 FRI,Col FRI,22,Con,8,NV,Y,Y,58,65,40,9,NA,NA,NA
flc-3 FRI,Col FRI,22,Con,8,NV,Y,Y,58,64,41,11,NA,NA,NA
flc-3 FRI,Col FRI,22,Con,8,NV,Y,Y,59,66,42,7,23.3,40.4,0.576732673
flc-3 FRI,Col FRI,22,Con,8,NV,Y,Y,59,65,39,10,NA,NA,NA
flc-3 FRI,Col FRI,22,Con,8,NV,Y,Y,59,66,39,11,NA,NA,NA
flc-3 FRI,Col FRI,22,Con,8,NV,Y,Y,62,68,42,9,24.8,33.9,0.731563422
flc-3 FRI,Col FRI,22,Con,8,NV,Y,Y,65,72,49,8,27.7,43.6,0.635321101
flc-3 FRI,Col FRI,22,Var,16,NV,Y,Y,17,25,7,2,NA,17.97,0
flc-3 FRI,Col FRI,22,Var,16,NV,Y,Y,17,25,8,1,NA,17,0
flc-3 FRI,Col FRI,22,Var,16,NV,Y,Y,18,26,8,1,11.2,19.2,0.583333333
flc-3 FRI,Col FRI,22,Var,16,NV,Y,Y,18,26,8,2,11.1,19.5,0.569230769
flc-3 FRI,Col FRI,22,Var,16,NV,Y,Y,18,27,9,2,NA,NA,NA
flc-3 FRI,Col FRI,22,Var,16,NV,Y,Y,18,25,5,2,NA,NA,NA
flc-3 FRI,Col FRI,22,Var,16,NV,Y,Y,18,25,7,2,NA,NA,NA
flc-3 FRI,Col FRI,22,Var,16,NV,Y,Y,19,27,7,2,NA,NA,NA
flc-3 FRI,Col FRI,22,Var,8,NV,Y,Y,46,53,26,5,NA,NA,NA
flc-3 FRI,Col FRI,22,Var,8,NV,Y,Y,47,56,22,4,26.3,49.7,0.52917505
flc-3 FRI,Col FRI,22,Var,8,NV,Y,Y,48,56,28,7,NA,NA,NA
flc-3 FRI,Col FRI,22,Var,8,NV,Y,Y,50,57,24,5,25.5,39.4,0.647208122
flc-3 FRI,Col FRI,22,Var,8,NV,Y,Y,50,60,21,3,NA,NA,NA
flc-3 FRI,Col FRI,22,Var,8,NV,Y,Y,52,59,20,5,24.6,50.5,0.487128713
flc-3 FRI,Col FRI,22,Var,8,NV,Y,Y,54,62,24,6,22.8,51.9,0.439306358
flc-3 FRI,Col FRI,22,Var,8,NV,Y,Y,54,62,32,7,NA,NA,NA
flc-3 FRI,Col FRI,12,Con,16,V,Y,Y,25,38,19,6,13.3,23.9,0.556485356
flc-3 FRI,Col FRI,12,Con,16,V,Y,Y,25,37,13,5,12.6,20.1,0.626865672
flc-3 FRI,Col FRI,12,Con,16,V,Y,Y,25,38,17,6,13.6,20.9,0.650717703
flc-3 FRI,Col FRI,12,Con,16,V,Y,Y,26,40,14,4,13,21,0.619047619
flc-3 FRI,Col FRI,12,Con,16,V,Y,Y,26,39,14,4,11.7,20.5,0.570731707
flc-3 FRI,Col FRI,12,Con,16,V,Y,Y,26,39,18,5,15.8,26.4,0.598484848
flc-3 FRI,Col FRI,12,Con,16,V,Y,Y,27,39,12,5,16.3,28.4,0.573943662
flc-3 FRI,Col FRI,12,Con,16,V,Y,Y,29,42,16,4,12.8,19.8,0.646464646
flc-3 FRI,Col FRI,12,Con,8,V,Y,Y,59,78,41,11,13,31.6,0.411392405
flc-3 FRI,Col FRI,12,Con,8,V,Y,Y,59,76,46,10,19.7,33.1,0.595166163
flc-3 FRI,Col FRI,12,Con,8,V,Y,Y,60,78,43,11,19.7,33.6,0.586309524
flc-3 FRI,Col FRI,12,Con,8,V,Y,Y,62,81,43,12,19.1,32.1,0.595015576
flc-3 FRI,Col FRI,12,Con,8,V,Y,Y,64,86,42,11,23.9,38.3,0.624020888
flc-3 FRI,Col FRI,12,Con,8,V,Y,Y,64,87,42,11,21.4,35.4,0.604519774
flc-3 FRI,Col FRI,12,Con,8,V,Y,Y,65,88,43,10,19.6,32,0.6125
flc-3 FRI,Col FRI,12,Con,8,V,Y,Y,68,92,49,9,32.4,48.7,0.665297741
flc-3 FRI,Col FRI,12,Var,16,V,Y,Y,26,38,15,4,14.5,25.1,0.577689243
flc-3 FRI,Col FRI,12,Var,16,V,Y,Y,26,38,16,5,13.1,24.6,0.532520325
flc-3 FRI,Col FRI,12,Var,16,V,Y,Y,27,40,17,5,17.3,26.3,0.657794677
flc-3 FRI,Col FRI,12,Var,16,V,Y,Y,27,38,15,5,13,22.6,0.575221239
flc-3 FRI,Col FRI,12,Var,16,V,Y,Y,28,41,17,6,15.8,23.4,0.675213675
flc-3 FRI,Col FRI,12,Var,16,V,Y,Y,28,42,18,6,16.4,27.2,0.602941176
flc-3 FRI,Col FRI,12,Var,16,V,Y,Y,31,43,22,7,25.8,43.1,0.598607889
flc-3 FRI,Col FRI,12,Var,16,V,Y,Y,37,40,17,5,14.4,23.9,0.60251046
flc-3 FRI,Col FRI,12,Var,8,V,Y,Y,54,70,39,11,19,32.4,0.586419753
flc-3 FRI,Col FRI,12,Var,8,V,Y,Y,55,74,42,12,20.6,34.2,0.602339181
flc-3 FRI,Col FRI,12,Var,8,V,Y,Y,56,72,42,12,23.4,36.4,0.642857143
flc-3 FRI,Col FRI,12,Var,8,V,Y,Y,56,76,46,11,30.9,49.4,0.625506073
flc-3 FRI,Col FRI,12,Var,8,V,Y,Y,63,NA,NA,NA,20.8,40.2,0.517412935
flc-3 FRI,Col FRI,12,Var,8,V,Y,Y,63,83,46,12,26,44.3,0.586907449
flc-3 FRI,Col FRI,12,Var,8,V,Y,Y,65,88,42,10,24.6,40.2,0.611940299
flc-3 FRI,Col FRI,12,Var,8,V,Y,Y,69,88,46,11,23.9,42.3,0.56501182
flc-3 FRI,Col FRI,22,Con,16,V,Y,Y,15,21,13,2,NA,18.7,0
flc-3 FRI,Col FRI,22,Con,16,V,Y,Y,16,22,10,2,NA,NA,NA
flc-3 FRI,Col FRI,22,Con,16,V,Y,Y,16,22,10,2,NA,NA,NA
flc-3 FRI,Col FRI,22,Con,16,V,Y,Y,17,23,12,3,NA,16.7,0
flc-3 FRI,Col FRI,22,Con,16,V,Y,Y,17,25,10,3,NA,NA,NA
flc-3 FRI,Col FRI,22,Con,16,V,Y,Y,17,23,11,2,NA,NA,NA
flc-3 FRI,Col FRI,22,Con,16,V,Y,Y,18,22,12,3,NA,20.72,0
flc-3 FRI,Col FRI,22,Con,16,V,Y,Y,18,23,10,3,NA,21.3,0
flc-3 FRI,Col FRI,22,Con,8,V,Y,Y,44,51,35,8,NA,NA,NA
flc-3 FRI,Col FRI,22,Con,8,V,Y,Y,46,53,37,8,NA,NA,NA
flc-3 FRI,Col FRI,22,Con,8,V,Y,Y,46,54,42,7,NA,NA,NA
flc-3 FRI,Col FRI,22,Con,8,V,Y,Y,47,54,41,8,NA,NA,NA
flc-3 FRI,Col FRI,22,Con,8,V,Y,Y,48,54,41,8,NA,NA,NA
flc-3 FRI,Col FRI,22,Con,8,V,Y,Y,48,54,39,8,NA,NA,NA
flc-3 FRI,Col FRI,22,Con,8,V,Y,Y,49,55,39,8,NA,NA,NA
flc-3 FRI,Col FRI,22,Con,8,V,Y,Y,50,56,39,9,25,45.4,0.550660793
flc-3 FRI,Col FRI,22,Con,8,V,Y,Y,52,58,37,9,23.7,44,0.538636364
flc-3 FRI,Col FRI,22,Con,8,V,Y,Y,54,61,39,11,24,44.6,0.538116592
flc-3 FRI,Col FRI,22,Con,8,V,Y,Y,55,61,41,11,NA,NA,NA
flc-3 FRI,Col FRI,22,Con,8,V,Y,Y,56,63,47,11,23.9,46.5,0.513978495
flc-3 FRI,Col FRI,22,Var,16,V,Y,Y,16,23,10,2,NA,23.4,0
flc-3 FRI,Col FRI,22,Var,16,V,Y,Y,16,25,8,2,NA,NA,NA
flc-3 FRI,Col FRI,22,Var,16,V,Y,Y,17,22,9,2,NA,18.7,0
flc-3 FRI,Col FRI,22,Var,16,V,Y,Y,17,25,10,2,NA,21.7,0
flc-3 FRI,Col FRI,22,Var,16,V,Y,Y,17,22,10,1,NA,23.2,0
flc-3 FRI,Col FRI,22,Var,16,V,Y,Y,17,25,9,3,NA,NA,NA
flc-3 FRI,Col FRI,22,Var,16,V,Y,Y,17,25,8,2,NA,NA,NA
flc-3 FRI,Col FRI,22,Var,16,V,Y,Y,19,26,10,4,NA,NA,NA
flc-3 FRI,Col FRI,22,Var,8,V,Y,Y,40,47,23,4,27.4,55.5,0.493693694
flc-3 FRI,Col FRI,22,Var,8,V,Y,Y,42,50,23,5,28.7,55.4,0.518050542
flc-3 FRI,Col FRI,22,Var,8,V,Y,Y,42,49,26,5,29.6,60.3,0.490878939
flc-3 FRI,Col FRI,22,Var,8,V,Y,Y,42,50,24,5,24.3,55.7,0.436265709
flc-3 FRI,Col FRI,22,Var,8,V,Y,Y,42,49,24,6,NA,NA,NA
flc-3 FRI,Col FRI,22,Var,8,V,Y,Y,44,51,29,5,NA,NA,NA
flc-3 FRI,Col FRI,22,Var,8,V,Y,Y,44,51,27,6,NA,NA,NA
flc-3 FRI,Col FRI,22,Var,8,V,Y,Y,45,53,31,5,NA,NA,NA
flk-1,Col,12,Con,16,NV,Y,Y,45,60,30,10,17.7,29.9,0.591973244
flk-1,Col,12,Con,16,NV,Y,Y,45,58,36,11,18.2,31.7,0.574132492
flk-1,Col,12,Con,16,NV,Y,Y,45,58,32,11,17.4,28.4,0.612676056
flk-1,Col,12,Con,16,NV,Y,Y,46,59,41,11,18.9,28.4,0.665492958
flk-1,Col,12,Con,16,NV,Y,Y,48,63,32,11,21.2,30.9,0.686084142
flk-1,Col,12,Con,16,NV,Y,Y,48,62,47,10,28.2,47,0.6
flk-1,Col,12,Con,16,NV,Y,Y,50,64,33,10,20,35.4,0.564971751
flk-1,Col,12,Con,16,NV,Y,Y,51,66,39,12,21.6,38.1,0.566929134
flk-1,Col,12,Con,8,NV,Y,Y,86,109,61,8,19.5,34.5,0.565217391
flk-1,Col,12,Con,8,NV,Y,Y,88,109,65,8,22.6,38.2,0.591623037
flk-1,Col,12,Con,8,NV,Y,Y,88,111,62,8,15.3,33.2,0.460843373
flk-1,Col,12,Con,8,NV,Y,Y,90,112,60,8,19.1,31.2,0.612179487
flk-1,Col,12,Con,8,NV,Y,Y,94,118,58,10,24.1,39.1,0.616368286
flk-1,Col,12,Con,8,NV,Y,Y,95,120,64,8,22.9,41.5,0.551807229
flk-1,Col,12,Con,8,NV,Y,Y,98,122,65,10,31.6,50.7,0.623274162
flk-1,Col,12,Con,8,NV,Y,Y,99,124,59,7,21,37.5,0.56
flk-1,Col,12,Var,16,NV,Y,Y,43,61,33,10,17.9,32.9,0.544072948
flk-1,Col,12,Var,16,NV,Y,Y,45,59,35,10,20.6,34.7,0.593659942
flk-1,Col,12,Var,16,NV,Y,Y,45,59,29,11,19.7,34.3,0.574344023
flk-1,Col,12,Var,16,NV,Y,Y,47,58,39,10,20.8,36.3,0.573002755
flk-1,Col,12,Var,16,NV,Y,Y,48,59,39,11,20.7,31.3,0.661341853
flk-1,Col,12,Var,16,NV,Y,Y,49,62,39,9,21.9,38.1,0.57480315
flk-1,Col,12,Var,16,NV,Y,Y,49,61,36,12,33.4,66.3,0.503770739
flk-1,Col,12,Var,16,NV,Y,Y,50,62,43,10,17.3,33.6,0.514880952
flk-1,Col,12,Var,8,NV,Y,Y,87,108,59,9,59,9,6.555555556
flk-1,Col,12,Var,8,NV,Y,Y,87,109,53,8,20.4,39.1,0.52173913
flk-1,Col,12,Var,8,NV,Y,Y,89,108,62,9,27,48,0.5625
flk-1,Col,12,Var,8,NV,Y,Y,89,112,58,7,21.9,38,0.576315789
flk-1,Col,12,Var,8,NV,Y,Y,93,120,58,8,23.5,40.2,0.584577114
flk-1,Col,12,Var,8,NV,Y,Y,95,116,64,8,24.7,42.6,0.579812207
flk-1,Col,12,Var,8,NV,Y,Y,95,118,61,8,24.8,42.1,0.589073634
flk-1,Col,12,Var,8,NV,Y,Y,98,123,72,8,27.4,45,0.608888889
flk-1,Col,22,Con,16,NV,Y,Y,36,41,27,9,21.4,34.9,0.613180516
flk-1,Col,22,Con,16,NV,Y,Y,36,40,30,6,NA,NA,NA
flk-1,Col,22,Con,16,NV,Y,Y,36,43,32,12,NA,NA,NA
flk-1,Col,22,Con,16,NV,Y,Y,39,NA,32,9,22.4,36.6,0.612021858
flk-1,Col,22,Con,16,NV,Y,Y,40,45,34,7,22.1,35.3,0.626062323
flk-1,Col,22,Con,16,NV,Y,Y,40,46,34,9,21.1,36,0.586111111
flk-1,Col,22,Con,16,NV,Y,Y,44,48,38,8,NA,NA,NA
flk-1,Col,22,Con,16,NV,Y,Y,46,54,43,8,NA,NA,NA
flk-1,Col,22,Con,8,NV,Y,Y,93,104,57,10,NA,NA,NA
flk-1,Col,22,Con,8,NV,Y,Y,122,132,55,13,NA,NA,NA
flk-1,Col,22,Con,8,NV,Y,Y,122,NA,NA,NA,NA,NA,NA
flk-1,Col,22,Con,8,NV,Y,Y,160,NA,NA,NA,NA,NA,NA
flk-1,Col,22,Con,8,NV,Y,N,162,NA,NA,NA,NA,NA,NA
flk-1,Col,22,Con,8,NV,Y,N,162,NA,NA,NA,NA,NA,NA
flk-1,Col,22,Con,8,NV,Y,N,162,NA,NA,NA,NA,NA,NA
flk-1,Col,22,Con,8,NV,Y,N,162,NA,NA,NA,NA,NA,NA
flk-1,Col,22,Var,16,NV,Y,Y,33,41,23,5,20.2,43.4,0.465437788
flk-1,Col,22,Var,16,NV,Y,Y,35,42,24,6,20.8,43.6,0.47706422
flk-1,Col,22,Var,16,NV,Y,Y,35,42,25,7,25,47.7,0.524109015
flk-1,Col,22,Var,16,NV,Y,Y,36,44,25,5,NA,NA,NA
flk-1,Col,22,Var,16,NV,Y,Y,38,44,29,6,25.3,45.8,0.552401747
flk-1,Col,22,Var,16,NV,Y,Y,42,49,31,6,NA,NA,NA
flk-1,Col,22,Var,16,NV,Y,Y,42,48,31,6,NA,NA,NA
flk-1,Col,22,Var,16,NV,Y,Y,44,51,33,5,NA,NA,NA
flk-1,Col,22,Var,8,NV,Y,Y,81,NA,NA,NA,NA,NA,NA
flk-1,Col,22,Var,8,NV,Y,Y,88,99,57,8,NA,NA,NA
flk-1,Col,22,Var,8,NV,Y,Y,90,105,66,10,NA,NA,NA
flk-1,Col,22,Var,8,NV,Y,Y,91,105,67,9,NA,NA,NA
fve-3,Col,12,Con,16,NV,Y,Y,50,64,41,8,27,43.4,0.622119816
fve-3,Col,12,Con,16,NV,Y,Y,53,68,44,11,22.1,34.2,0.64619883
fve-3,Col,12,Con,16,NV,Y,Y,54,71,43,9,20.1,33.2,0.605421687
fve-3,Col,12,Con,16,NV,Y,Y,54,71,52,11,21.1,35.5,0.594366197
fve-3,Col,12,Con,16,NV,Y,Y,55,74,36,11,22.3,38.7,0.57622739
fve-3,Col,12,Con,16,NV,Y,Y,56,73,42,9,19.6,34.2,0.573099415
fve-3,Col,12,Con,16,NV,Y,Y,57,73,45,11,17.6,30.9,0.569579288
fve-3,Col,12,Con,16,NV,Y,Y,58,75,43,8,19.6,30.6,0.640522876
fve-3,Col,12,Con,8,NV,Y,Y,89,109,70,9,20.8,37.7,0.551724138
fve-3,Col,12,Con,8,NV,Y,Y,93,118,53,10,18.9,34.7,0.544668588
fve-3,Col,12,Con,8,NV,Y,Y,94,122,66,8,24.8,39.4,0.629441624
fve-3,Col,12,Con,8,NV,Y,Y,96,121,60,10,19.8,33.7,0.587537092
fve-3,Col,12,Con,8,NV,Y,Y,96,120,59,10,20,33.5,0.597014925
fve-3,Col,12,Con,8,NV,Y,Y,96,125,64,9,24.8,37.1,0.668463612
fve-3,Col,12,Con,8,NV,Y,Y,105,132,64,11,29.3,46.2,0.634199134
fve-3,Col,12,Con,8,NV,Y,Y,106,132,56,9,20.2,38.5,0.524675325
fve-3,Col,12,Var,16,NV,Y,Y,52,65,45,8,22.6,36.8,0.614130435
fve-3,Col,12,Var,16,NV,Y,Y,54,69,44,8,23.5,28.1,0.836298932
fve-3,Col,12,Var,16,NV,Y,Y,54,70,44,8,22.5,40.8,0.551470588
fve-3,Col,12,Var,16,NV,Y,Y,54,69,45,9,20.8,37.5,0.554666667
fve-3,Col,12,Var,16,NV,Y,Y,55,73,50,10,21.7,37.6,0.57712766
fve-3,Col,12,Var,16,NV,Y,Y,56,73,41,8,23.4,36.6,0.639344262
fve-3,Col,12,Var,16,NV,Y,Y,58,73,51,9,23.7,36.5,0.649315068
fve-3,Col,12,Var,16,NV,Y,Y,58,74,55,11,26.8,40.7,0.658476658
fve-3,Col,12,Var,8,NV,Y,Y,88,111,69,9,27.7,48.6,0.569958848
fve-3,Col,12,Var,8,NV,Y,Y,88,111,61,8,19.4,36.6,0.530054645
fve-3,Col,12,Var,8,NV,Y,Y,92,113,53,8,19.6,35.6,0.550561798
fve-3,Col,12,Var,8,NV,Y,Y,93,119,57,8,20.6,38.7,0.532299742
fve-3,Col,12,Var,8,NV,Y,Y,95,118,57,8,20.4,38.1,0.535433071
fve-3,Col,12,Var,8,NV,Y,Y,97,128,55,8,23.3,39.1,0.595907928
fve-3,Col,12,Var,8,NV,Y,Y,99,130,63,10,22.3,42.1,0.529691211
fve-3,Col,12,Var,8,NV,Y,Y,105,132,65,10,20.4,36.3,0.561983471
fve-3,Col,22,Con,16,NV,Y,Y,41,49,37,5,21.2,36.6,0.579234973
fve-3,Col,22,Con,16,NV,Y,Y,42,48,34,4,20.6,32.7,0.629969419
fve-3,Col,22,Con,16,NV,Y,Y,42,49,37,6,21.1,38.6,0.546632124
fve-3,Col,22,Con,16,NV,Y,Y,43,53,32,6,21.3,34.1,0.624633431
fve-3,Col,22,Con,16,NV,Y,Y,51,57,40,7,NA,NA,NA
fve-3,Col,22,Con,16,NV,Y,Y,53,60,45,6,NA,NA,NA
fve-3,Col,22,Con,16,NV,Y,Y,54,61,46,7,NA,NA,NA
fve-3,Col,22,Con,16,NV,Y,Y,55,61,50,7,NA,NA,NA
fve-3,Col,22,Con,8,NV,Y,N,162,NA,NA,NA,NA,NA,NA
fve-3,Col,22,Con,8,NV,Y,N,162,NA,NA,NA,NA,NA,NA
fve-3,Col,22,Con,8,NV,Y,N,162,NA,NA,NA,NA,NA,NA
fve-3,Col,22,Con,8,NV,Y,N,162,NA,NA,NA,NA,NA,NA
fve-3,Col,22,Con,8,NV,Y,N,162,NA,NA,NA,NA,NA,NA
fve-3,Col,22,Con,8,NV,Y,N,162,NA,NA,NA,NA,NA,NA
fve-3,Col,22,Con,8,NV,Y,N,162,NA,NA,NA,NA,NA,NA
fve-3,Col,22,Con,8,NV,Y,N,162,NA,NA,NA,NA,NA,NA
fve-3,Col,22,Var,16,NV,Y,Y,34,43,26,4,24.6,40,0.615
fve-3,Col,22,Var,16,NV,Y,Y,35,43,26,5,22.8,43.2,0.527777778
fve-3,Col,22,Var,16,NV,Y,Y,35,47,29,5,21.7,36.3,0.597796143
fve-3,Col,22,Var,16,NV,Y,Y,36,47,30,3,22.2,39.3,0.564885496
fve-3,Col,22,Var,16,NV,Y,Y,40,48,33,4,NA,NA,NA
fve-3,Col,22,Var,16,NV,Y,Y,42,49,27,6,NA,NA,NA
fve-3,Col,22,Var,16,NV,Y,Y,46,55,33,5,NA,NA,NA
fve-3,Col,22,Var,16,NV,Y,Y,46,54,33,5,NA,NA,NA
fve-3,Col,22,Var,8,NV,Y,N,162,NA,NA,NA,NA,NA,NA
fve-3,Col,22,Var,8,NV,Y,N,162,NA,NA,NA,NA,NA,NA
fve-3,Col,22,Var,8,NV,Y,N,162,NA,NA,NA,NA,NA,NA
fve-3,Col,22,Var,8,NV,Y,N,162,NA,NA,NA,NA,NA,NA
ld-1,Col,12,Con,16,NV,Y,Y,48,64,38,8,25,41.5,0.602409639
ld-1,Col,12,Con,16,NV,Y,Y,50,62,34,6,19.2,31.5,0.60952381
ld-1,Col,12,Con,16,NV,Y,Y,52,64,37,8,20,33.7,0.59347181
ld-1,Col,12,Con,16,NV,Y,Y,53,66,33,7,24,41,0.585365854
ld-1,Col,12,Con,16,NV,Y,Y,54,68,35,8,22.2,36.1,0.614958449
ld-1,Col,12,Con,16,NV,Y,Y,56,71,42,8,25.2,40.1,0.628428928
ld-1,Col,12,Con,16,NV,Y,Y,57,73,39,10,26.7,40.8,0.654411765
ld-1,Col,12,Con,16,NV,Y,Y,61,76,NA,NA,22.8,36.9,0.617886179
ld-1,Col,12,Con,8,NV,Y,Y,98,123,68,11,22.1,36.2,0.610497238
ld-1,Col,12,Con,8,NV,Y,Y,102,120,68,9,20.2,35.1,0.575498575
ld-1,Col,12,Con,8,NV,Y,Y,102,121,73,8,23.6,37.3,0.632707775
ld-1,Col,12,Con,8,NV,Y,Y,103,123,67,11,19.9,34.3,0.580174927
ld-1,Col,12,Con,8,NV,Y,Y,108,127,67,10,25.4,39.7,0.639798489
ld-1,Col,12,Con,8,NV,Y,Y,109,132,66,8,21.9,32.7,0.669724771
ld-1,Col,12,Con,8,NV,Y,Y,109,130,62,9,25.2,37.2,0.677419355
ld-1,Col,12,Con,8,NV,Y,Y,109,131,69,10,30.8,51.5,0.598058252
ld-1,Col,12,Var,16,NV,Y,Y,57,70,37,9,23.1,38.3,0.603133159
ld-1,Col,12,Var,16,NV,Y,Y,61,76,44,10,29.9,52.2,0.572796935
ld-1,Col,12,Var,16,NV,Y,Y,63,80,41,9,27.6,40,0.69
ld-1,Col,12,Var,16,NV,Y,Y,64,78,38,13,22.1,39.2,0.56377551
ld-1,Col,12,Var,16,NV,Y,Y,64,81,31,11,24.3,41.3,0.588377724
ld-1,Col,12,Var,16,NV,Y,Y,64,79,47,9,24.8,40.7,0.609336609
ld-1,Col,12,Var,16,NV,Y,Y,64,80,54,8,25.7,41.2,0.623786408
ld-1,Col,12,Var,16,NV,Y,Y,66,81,40,8,22.2,35,0.634285714
ld-1,Col,12,Var,8,NV,Y,Y,97,119,73,9,30.6,47.3,0.646934461
ld-1,Col,12,Var,8,NV,Y,Y,101,132,66,8,21.5,34.2,0.628654971
ld-1,Col,12,Var,8,NV,Y,Y,102,123,67,7,32.1,51,0.629411765
ld-1,Col,12,Var,8,NV,Y,Y,103,123,62,9,20.2,34,0.594117647
ld-1,Col,12,Var,8,NV,Y,Y,103,125,59,10,21.3,36.9,0.577235772
ld-1,Col,12,Var,8,NV,Y,Y,109,131,65,9,26.7,43,0.620930233
ld-1,Col,12,Var,8,NV,Y,Y,110,131,64,9,29.1,45.1,0.645232816
ld-1,Col,12,Var,8,NV,Y,Y,112,133,63,9,26.3,40,0.6575
ld-1,Col,22,Con,16,NV,Y,Y,39,44,28,6,22.6,34.8,0.649425287
ld-1,Col,22,Con,16,NV,Y,Y,39,43,25,6,20.5,31.8,0.644654088
ld-1,Col,22,Con,16,NV,Y,Y,45,52,36,8,NA,NA,NA
ld-1,Col,22,Con,16,NV,Y,Y,48,52,30,4,21.8,34.9,0.624641834
ld-1,Col,22,Con,16,NV,Y,Y,57,62,42,8,NA,NA,NA
ld-1,Col,22,Con,16,NV,Y,Y,61,69,45,10,NA,NA,NA
ld-1,Col,22,Con,16,NV,Y,Y,62,68,37,8,NA,NA,NA
ld-1,Col,22,Con,16,NV,Y,Y,74,81,24,8,25.5,39.7,0.64231738
ld-1,Col,22,Con,8,NV,Y,Y,143,153,NA,NA,NA,NA,NA
ld-1,Col,22,Con,8,NV,Y,Y,151,159,NA,NA,NA,NA,NA
ld-1,Col,22,Con,8,NV,Y,N,162,NA,NA,NA,NA,NA,NA
ld-1,Col,22,Con,8,NV,Y,N,162,NA,NA,NA,NA,NA,NA
ld-1,Col,22,Con,8,NV,Y,N,162,NA,NA,NA,NA,NA,NA
ld-1,Col,22,Con,8,NV,Y,N,162,NA,NA,NA,NA,NA,NA
ld-1,Col,22,Con,8,NV,Y,N,162,NA,NA,NA,NA,NA,NA
ld-1,Col,22,Con,8,NV,Y,N,162,NA,NA,NA,NA,NA,NA
ld-1,Col,22,Var,16,NV,Y,Y,44,52,28,4,26.9,41.6,0.646634615
ld-1,Col,22,Var,16,NV,Y,Y,44,53,32,4,31.3,50.2,0.623505976
ld-1,Col,22,Var,16,NV,Y,Y,45,53,28,4,NA,NA,NA
ld-1,Col,22,Var,16,NV,Y,Y,51,56,33,6,28.2,50,0.564
ld-1,Col,22,Var,16,NV,Y,Y,51,58,37,6,22.8,45.4,0.502202643
ld-1,Col,22,Var,16,NV,Y,Y,53,60,38,6,NA,NA,NA
ld-1,Col,22,Var,16,NV,Y,Y,53,61,36,7,NA,NA,NA
ld-1,Col,22,Var,16,NV,Y,Y,56,64,40,10,NA,NA,NA
ld-1,Col,22,Var,8,NV,Y,Y,113,NA,NA,NA,NA,NA,NA
ld-1,Col,22,Var,8,NV,Y,Y,123,NA,NA,NA,NA,NA,NA
ld-1,Col,22,Var,8,NV,Y,Y,130,145,NA,NA,NA,NA,NA
ld-1,Col,22,Var,8,NV,Y,Y,147,NA,NA,NA,NA,NA,NA
Ler-1,Ler,12,Con,16,NV,Y,Y,29,46,9,4,10.4,12.9,0.80620155
Ler-1,Ler,12,Con,16,NV,Y,Y,29,45,13,4,8.2,14.4,0.569444444
Ler-1,Ler,12,Con,16,NV,Y,Y,29,44,11,4,13.6,17,0.8
Ler-1,Ler,12,Con,16,NV,Y,Y,31,44,13,4,16.4,23.1,0.70995671
Ler-1,Ler,12,Con,16,NV,Y,Y,32,48,11,4,12.6,18.3,0.68852459
Ler-1,Ler,12,Con,16,NV,Y,Y,33,47,11,4,15.8,21.6,0.731481481
Ler-1,Ler,12,Con,16,NV,Y,Y,33,47,9,4,13.1,17.5,0.748571429
Ler-1,Ler,12,Con,16,NV,Y,Y,34,46,14,4,14.6,19.7,0.741116751
Ler-1,Ler,12,Con,8,NV,Y,Y,57,78,30,10,17.4,26.8,0.649253731
Ler-1,Ler,12,Con,8,NV,Y,Y,57,78,31,11,18.6,29.9,0.622073579
Ler-1,Ler,12,Con,8,NV,Y,Y,57,79,30,11,16.2,25,0.648
Ler-1,Ler,12,Con,8,NV,Y,Y,66,88,37,8,24.6,34.2,0.719298246
Ler-1,Ler,12,Con,8,NV,Y,Y,72,96,36,10,24,34.9,0.687679083
Ler-1,Ler,12,Con,8,NV,Y,Y,75,98,43,9,21.1,32.8,0.643292683
Ler-1,Ler,12,Con,8,NV,Y,Y,77,101,35,10,26.6,40,0.665
Ler-1,Ler,12,Con,8,NV,Y,Y,92,116,39,10,39.7,55.1,0.720508167
Ler-1,Ler,12,Var,16,NV,Y,Y,32,46,14,4,14.5,19.8,0.732323232
Ler-1,Ler,12,Var,16,NV,Y,Y,33,44,14,4,16.7,24.1,0.692946058
Ler-1,Ler,12,Var,16,NV,Y,Y,33,46,14,3,16.7,23.8,0.701680672
Ler-1,Ler,12,Var,16,NV,Y,Y,33,46,13,3,14,20.9,0.669856459
Ler-1,Ler,12,Var,16,NV,Y,Y,33,46,10,4,18.8,27.2,0.691176471
Ler-1,Ler,12,Var,16,NV,Y,Y,34,47,12,4,17.6,26.8,0.656716418
Ler-1,Ler,12,Var,16,NV,Y,Y,34,48,12,5,17.1,26.9,0.635687732
Ler-1,Ler,12,Var,16,NV,Y,Y,34,50,12,4,15.8,23.6,0.669491525
Ler-1,Ler,12,Var,8,NV,Y,Y,60,80,32,10,24.2,32.6,0.742331288
Ler-1,Ler,12,Var,8,NV,Y,Y,61,81,30,11,17.6,24.8,0.709677419
Ler-1,Ler,12,Var,8,NV,Y,Y,62,80,42,12,21.8,34.8,0.626436782
Ler-1,Ler,12,Var,8,NV,Y,Y,63,88,30,11,20.9,31.6,0.661392405
Ler-1,Ler,12,Var,8,NV,Y,Y,63,87,30,12,19.7,34.6,0.569364162
Ler-1,Ler,12,Var,8,NV,Y,Y,65,90,29,11,28.9,39.7,0.727959698
Ler-1,Ler,12,Var,8,NV,Y,Y,65,83,36,10,38.2,51.6,0.740310078
Ler-1,Ler,12,Var,8,NV,Y,Y,68,93,31,11,21.4,36,0.594444444
Ler-1,Ler,22,Con,16,NV,Y,Y,18,25,7,3,NA,11.2,0
Ler-1,Ler,22,Con,16,NV,Y,Y,18,24,7,2,NA,11.1,0
Ler-1,Ler,22,Con,16,NV,Y,Y,19,24,7,3,10.8,13.3,0.812030075
Ler-1,Ler,22,Con,16,NV,Y,Y,19,25,6,3,9.6,10.9,0.880733945
Ler-1,Ler,22,Con,16,NV,Y,Y,19,26,9,2,NA,NA,NA
Ler-1,Ler,22,Con,16,NV,Y,Y,19,26,8,2,NA,NA,NA
Ler-1,Ler,22,Con,16,NV,Y,Y,20,26,8,3,NA,NA,NA
Ler-1,Ler,22,Con,16,NV,Y,Y,20,26,8,2,NA,NA,NA
Ler-1,Ler,22,Con,8,NV,Y,Y,48,59,24,10,NA,NA,NA
Ler-1,Ler,22,Con,8,NV,Y,Y,48,57,23,8,NA,NA,NA
Ler-1,Ler,22,Con,8,NV,Y,Y,48,56,21,4,NA,NA,NA
Ler-1,Ler,22,Con,8,NV,Y,Y,50,60,26,8,NA,NA,NA
Ler-1,Ler,22,Con,8,NV,Y,Y,52,60,29,7,NA,NA,NA
Ler-1,Ler,22,Con,8,NV,Y,Y,54,64,24,9,NA,NA,NA
Ler-1,Ler,22,Con,8,NV,Y,Y,54,63,27,8,NA,NA,NA
Ler-1,Ler,22,Con,8,NV,Y,Y,55,64,30,8,26.2,42.6,0.615023474
Ler-1,Ler,22,Con,8,NV,Y,Y,56,64,25,8,NA,NA,NA
Ler-1,Ler,22,Con,8,NV,Y,Y,57,65,30,11,35.2,50.4,0.698412698
Ler-1,Ler,22,Con,8,NV,Y,Y,58,65,33,10,27.7,42.1,0.657957245
Ler-1,Ler,22,Con,8,NV,Y,Y,62,69,31,9,31.6,41.9,0.754176611
Ler-1,Ler,22,Var,16,NV,Y,Y,19,27,6,2,8.4,11.4,0.736842105
Ler-1,Ler,22,Var,16,NV,Y,Y,19,26,6,3,7.6,11.5,0.660869565
Ler-1,Ler,22,Var,16,NV,Y,Y,19,26,5,2,7.1,10.2,0.696078431
Ler-1,Ler,22,Var,16,NV,Y,Y,20,27,7,3,NA,NA,NA
Ler-1,Ler,22,Var,16,NV,Y,Y,21,28,7,2,8.9,13,0.684615385
Ler-1,Ler,22,Var,16,NV,Y,Y,21,27,8,2,NA,NA,NA
Ler-1,Ler,22,Var,16,NV,Y,Y,22,29,6,2,NA,NA,NA
Ler-1,Ler,22,Var,16,NV,Y,Y,22,28,6,2,NA,NA,NA
Ler-1,Ler,22,Var,8,NV,Y,Y,35,46,10,3,11,26.3,0.418250951
Ler-1,Ler,22,Var,8,NV,Y,Y,36,56,10,4,11.3,27.3,0.413919414
Ler-1,Ler,22,Var,8,NV,Y,Y,36,58,11,3,13.1,29.4,0.445578231
Ler-1,Ler,22,Var,8,NV,Y,Y,36,87,8,3,NA,NA,NA
Ler-1,Ler,22,Var,8,NV,Y,Y,38,58,10,3,11.8,29.2,0.404109589
Ler-1,Ler,22,Var,8,NV,Y,Y,38,52,10,4,NA,NA,NA
Ler-1,Ler,22,Var,8,NV,Y,Y,43,51,13,3,NA,NA,NA
Ler-1,Ler,22,Var,8,NV,Y,Y,46,54,16,4,NA,NA,NA
prmt5 FRI,Col FRI,12,Con,16,NV,Y,Y,80,98,79,10,16.8,29.3,0.57337884
prmt5 FRI,Col FRI,12,Con,16,NV,Y,Y,82,100,84,10,25.9,34.3,0.755102041
prmt5 FRI,Col FRI,12,Con,16,NV,Y,Y,83,102,64,9,19.7,32.6,0.604294479
prmt5 FRI,Col FRI,12,Con,16,NV,Y,Y,83,102,72,10,20.7,32.2,0.642857143
prmt5 FRI,Col FRI,12,Con,16,NV,Y,Y,83,102,64,8,18.3,33.6,0.544642857
prmt5 FRI,Col FRI,12,Con,16,NV,Y,Y,84,100,77,9,19.7,30.4,0.648026316
prmt5 FRI,Col FRI,12,Con,16,NV,Y,Y,87,102,78,9,20.83,32.4,0.642901235
prmt5 FRI,Col FRI,12,Con,16,NV,Y,Y,88,106,73,9,18.4,28.9,0.636678201
prmt5 FRI,Col FRI,12,Con,8,NV,Y,Y,105,125,77,7,17.7,30,0.59
prmt5 FRI,Col FRI,12,Con,8,NV,Y,Y,106,126,42,6,18.5,30.9,0.598705502
prmt5 FRI,Col FRI,12,Con,8,NV,Y,Y,108,130,75,7,20.1,34.1,0.589442815
prmt5 FRI,Col FRI,12,Con,8,NV,Y,Y,109,127,80,7,18.3,32.5,0.563076923
prmt5 FRI,Col FRI,12,Con,8,NV,Y,Y,109,131,77,7,22.5,34,0.661764706
prmt5 FRI,Col FRI,12,Con,8,NV,Y,Y,109,134,75,6,17.6,31.7,0.555205047
prmt5 FRI,Col FRI,12,Con,8,NV,Y,Y,110,133,78,9,27.2,48.1,0.565488565
prmt5 FRI,Col FRI,12,Con,8,NV,Y,Y,112,132,87,7,18.8,35.6,0.528089888
prmt5 FRI,Col FRI,12,Var,16,NV,Y,Y,82,98,74,8,19.8,33.9,0.584070796
prmt5 FRI,Col FRI,12,Var,16,NV,Y,Y,87,105,83,4,30,48.4,0.619834711
prmt5 FRI,Col FRI,12,Var,16,NV,Y,Y,88,104,69,11,22,34.5,0.637681159
prmt5 FRI,Col FRI,12,Var,16,NV,Y,Y,88,104,70,9,19.9,31.1,0.639871383
prmt5 FRI,Col FRI,12,Var,16,NV,Y,Y,89,108,73,7,20.6,33.6,0.613095238
prmt5 FRI,Col FRI,12,Var,16,NV,Y,Y,90,104,73,8,19.4,28.6,0.678321678
prmt5 FRI,Col FRI,12,Var,16,NV,Y,Y,94,112,81,8,24.3,35.1,0.692307692
prmt5 FRI,Col FRI,12,Var,16,NV,Y,Y,102,117,54,10,15.4,26.2,0.58778626
prmt5 FRI,Col FRI,12,Var,8,NV,Y,Y,101,122,84,9,30.1,46.9,0.641791045
prmt5 FRI,Col FRI,12,Var,8,NV,Y,Y,109,131,73,7,18.3,27.2,0.672794118
prmt5 FRI,Col FRI,12,Var,8,NV,Y,Y,109,129,70,7,21.1,30.6,0.689542484
prmt5 FRI,Col FRI,12,Var,8,NV,Y,Y,113,134,75,6,21.1,36.9,0.571815718
prmt5 FRI,Col FRI,12,Var,8,NV,Y,Y,115,136,73,7,21,32.9,0.638297872
prmt5 FRI,Col FRI,12,Var,8,NV,Y,Y,116,139,78,8,20.1,33.6,0.598214286
prmt5 FRI,Col FRI,12,Var,8,NV,Y,Y,116,137,84,8,23.2,37.3,0.621983914
prmt5 FRI,Col FRI,12,Var,8,NV,Y,Y,118,140,75,7,20.9,35.5,0.588732394
prmt5 FRI,Col FRI,22,Con,16,NV,Y,Y,102,111,91,10,20.5,31.9,0.642633229
prmt5 FRI,Col FRI,22,Con,16,NV,Y,Y,107,NA,NA,NA,NA,NA,NA
prmt5 FRI,Col FRI,22,Con,16,NV,Y,Y,108,117,NA,NA,NA,NA,NA
prmt5 FRI,Col FRI,22,Con,16,NV,Y,Y,109,NA,NA,NA,11.7,32.2,0.363354037
prmt5 FRI,Col FRI,22,Con,16,NV,Y,Y,128,135,NA,NA,NA,NA,NA
prmt5 FRI,Col FRI,22,Con,16,NV,Y,Y,142,NA,NA,NA,NA,NA,NA
prmt5 FRI,Col FRI,22,Con,16,NV,Y,Y,152,NA,NA,NA,NA,NA,NA
prmt5 FRI,Col FRI,22,Con,16,NV,Y,Y,152,NA,NA,NA,NA,NA,NA
prmt5 FRI,Col FRI,22,Con,8,NV,Y,N,162,NA,NA,NA,NA,NA,NA
prmt5 FRI,Col FRI,22,Con,8,NV,Y,N,162,NA,NA,NA,NA,NA,NA
prmt5 FRI,Col FRI,22,Con,8,NV,Y,N,162,NA,NA,NA,NA,NA,NA
prmt5 FRI,Col FRI,22,Con,8,NV,Y,N,162,NA,NA,NA,NA,NA,NA
prmt5 FRI,Col FRI,22,Con,8,NV,Y,N,162,NA,NA,NA,NA,NA,NA
prmt5 FRI,Col FRI,22,Con,8,NV,Y,N,162,NA,NA,NA,NA,NA,NA
prmt5 FRI,Col FRI,22,Con,8,NV,Y,N,162,NA,NA,NA,NA,NA,NA
prmt5 FRI,Col FRI,22,Con,8,NV,Y,N,162,NA,NA,NA,NA,NA,NA
prmt5 FRI,Col FRI,22,Var,16,NV,Y,Y,49,57,38,6,26.3,43.1,0.610208817
prmt5 FRI,Col FRI,22,Var,16,NV,Y,Y,50,59,40,6,23.6,35.4,0.666666667
prmt5 FRI,Col FRI,22,Var,16,NV,Y,Y,52,60,48,7,NA,NA,NA
prmt5 FRI,Col FRI,22,Var,16,NV,Y,Y,53,61,42,5,21.5,36.4,0.590659341
prmt5 FRI,Col FRI,22,Var,16,NV,Y,Y,57,62,43,7,25.5,41.7,0.611510791
prmt5 FRI,Col FRI,22,Var,16,NV,Y,Y,64,72,50,5,NA,NA,NA
prmt5 FRI,Col FRI,22,Var,16,NV,Y,Y,65,73,52,7,NA,NA,NA
prmt5 FRI,Col FRI,22,Var,16,NV,Y,Y,66,73,54,8,NA,NA,NA
prmt5 FRI,Col FRI,22,Var,8,NV,Y,N,162,NA,NA,NA,NA,NA,NA
prmt5 FRI,Col FRI,22,Var,8,NV,Y,N,162,NA,NA,NA,NA,NA,NA
prmt5 FRI,Col FRI,22,Var,8,NV,Y,N,162,NA,NA,NA,NA,NA,NA
prmt5 FRI,Col FRI,22,Var,8,NV,Y,N,162,NA,NA,NA,NA,NA,NA
prmt5 FRI,Col FRI,12,Con,16,V,Y,Y,56,72,53,9,17.3,31.1,0.556270096
prmt5 FRI,Col FRI,12,Con,16,V,Y,Y,56,73,51,10,19.9,30.2,0.658940397
prmt5 FRI,Col FRI,12,Con,16,V,Y,Y,57,76,49,8,17.4,30.1,0.57807309
prmt5 FRI,Col FRI,12,Con,16,V,Y,Y,59,76,46,8,16.8,29,0.579310345
prmt5 FRI,Col FRI,12,Con,16,V,Y,Y,59,73,52,8,12.8,28.3,0.45229682
prmt5 FRI,Col FRI,12,Con,16,V,Y,Y,60,77,51,8,12,33,0.363636364
prmt5 FRI,Col FRI,12,Con,16,V,Y,Y,62,78,51,6,21.5,33.9,0.634218289
prmt5 FRI,Col FRI,12,Con,16,V,Y,Y,63,80,65,10,21.8,34.3,0.635568513
prmt5 FRI,Col FRI,12,Con,8,V,Y,Y,70,90,57,5,18.2,28.3,0.643109541
prmt5 FRI,Col FRI,12,Con,8,V,Y,Y,74,94,58,5,21,29,0.724137931
prmt5 FRI,Col FRI,12,Con,8,V,Y,Y,81,120,66,8,15.9,27.7,0.57400722
prmt5 FRI,Col FRI,12,Con,8,V,Y,Y,82,104,62,5,19.8,33.1,0.598187311
prmt5 FRI,Col FRI,12,Con,8,V,Y,Y,83,102,64,8,17.4,29.4,0.591836735
prmt5 FRI,Col FRI,12,Con,8,V,Y,Y,89,112,69,8,24.6,36.5,0.673972603
prmt5 FRI,Col FRI,12,Con,8,V,Y,Y,92,118,64,8,18.8,31.3,0.600638978
prmt5 FRI,Col FRI,12,Con,8,V,Y,Y,92,115,62,8,20.8,35,0.594285714
prmt5 FRI,Col FRI,12,Var,16,V,Y,Y,51,65,46,5,17.3,27.9,0.620071685
prmt5 FRI,Col FRI,12,Var,16,V,Y,Y,53,65,49,6,19.6,33,0.593939394
prmt5 FRI,Col FRI,12,Var,16,V,Y,Y,55,68,44,7,20.5,32.1,0.638629283
prmt5 FRI,Col FRI,12,Var,16,V,Y,Y,55,70,56,8,31.3,48.5,0.645360825
prmt5 FRI,Col FRI,12,Var,16,V,Y,Y,56,68,52,10,20.5,33.1,0.619335347
prmt5 FRI,Col FRI,12,Var,16,V,Y,Y,56,72,50,6,22.1,33.9,0.651917404
prmt5 FRI,Col FRI,12,Var,16,V,Y,Y,57,73,52,8,18.5,28.9,0.640138408
prmt5 FRI,Col FRI,12,Var,16,V,Y,Y,58,73,48,7,21.5,36,0.597222222
prmt5 FRI,Col FRI,12,Var,8,V,Y,Y,72,92,55,6,19.2,30.9,0.621359223
prmt5 FRI,Col FRI,12,Var,8,V,Y,Y,75,92,67,6,28.4,45.8,0.620087336
prmt5 FRI,Col FRI,12,Var,8,V,Y,Y,75,94,59,6,19.8,32,0.61875
prmt5 FRI,Col FRI,12,Var,8,V,Y,Y,78,96,28,6,18.8,33.2,0.56626506
prmt5 FRI,Col FRI,12,Var,8,V,Y,Y,79,98,62,6,20.3,36.1,0.56232687
prmt5 FRI,Col FRI,12,Var,8,V,Y,Y,81,102,59,5,22.4,35.3,0.634560907
prmt5 FRI,Col FRI,12,Var,8,V,Y,Y,84,107,60,6,20.6,34.5,0.597101449
prmt5 FRI,Col FRI,12,Var,8,V,Y,Y,88,112,64,9,22.7,40.6,0.5591133
prmt5 FRI,Col FRI,22,Con,16,V,Y,Y,39,45,38,9,18.7,31.2,0.599358974
prmt5 FRI,Col FRI,22,Con,16,V,Y,Y,41,46,39,10,19.4,32,0.60625
prmt5 FRI,Col FRI,22,Con,16,V,Y,Y,43,48,39,9,20.5,31.6,0.648734177
prmt5 FRI,Col FRI,22,Con,16,V,Y,Y,44,50,37,7,19.5,29.5,0.661016949
prmt5 FRI,Col FRI,22,Con,16,V,Y,Y,44,49,44,9,NA,NA,NA
prmt5 FRI,Col FRI,22,Con,16,V,Y,Y,48,55,45,11,NA,NA,NA
prmt5 FRI,Col FRI,22,Con,16,V,Y,Y,53,58,51,9,NA,NA,NA
prmt5 FRI,Col FRI,22,Con,16,V,Y,Y,57,64,48,12,NA,NA,NA
prmt5 FRI,Col FRI,22,Con,8,V,Y,Y,84,90,63,9,NA,NA,NA
prmt5 FRI,Col FRI,22,Con,8,V,Y,Y,85,92,59,11,NA,NA,NA
prmt5 FRI,Col FRI,22,Con,8,V,Y,Y,88,99,63,11,21.9,36.6,0.598360656
prmt5 FRI,Col FRI,22,Con,8,V,Y,Y,89,99,49,10,NA,NA,NA
prmt5 FRI,Col FRI,22,Con,8,V,Y,Y,91,99,68,10,NA,NA,NA
prmt5 FRI,Col FRI,22,Con,8,V,Y,Y,104,118,37,4,NA,NA,NA
prmt5 FRI,Col FRI,22,Con,8,V,Y,Y,105,118,NA,NA,NA,NA,NA
prmt5 FRI,Col FRI,22,Con,8,V,Y,Y,113,NA,NA,NA,NA,NA,NA
prmt5 FRI,Col FRI,22,Con,8,V,Y,Y,122,NA,NA,NA,NA,NA,NA
prmt5 FRI,Col FRI,22,Var,16,V,Y,Y,26,34,25,4,20.1,35.7,0.56302521
prmt5 FRI,Col FRI,22,Var,16,V,Y,Y,26,32,22,5,18.4,33.6,0.547619048
prmt5 FRI,Col FRI,22,Var,16,V,Y,Y,26,33,23,5,17.7,31.4,0.563694268
prmt5 FRI,Col FRI,22,Var,16,V,Y,Y,28,33,25,3,22,33.3,0.660660661
prmt5 FRI,Col FRI,22,Var,16,V,Y,Y,28,36,18,3,NA,NA,NA
prmt5 FRI,Col FRI,22,Var,16,V,Y,Y,29,36,21,4,NA,NA,NA
prmt5 FRI,Col FRI,22,Var,16,V,Y,Y,31,39,18,3,NA,NA,NA
prmt5 FRI,Col FRI,22,Var,16,V,Y,Y,36,43,24,3,NA,NA,NA
prmt5 FRI,Col FRI,22,Var,8,V,Y,Y,54,61,47,7,25.6,45.8,0.558951965
prmt5 FRI,Col FRI,22,Var,8,V,Y,Y,54,62,47,9,NA,NA,NA
prmt5 FRI,Col FRI,22,Var,8,V,Y,Y,55,65,52,9,NA,NA,NA
prmt5 FRI,Col FRI,22,Var,8,V,Y,Y,57,68,52,11,NA,NA,NA
prmt5 FRI,Col FRI,22,Var,8,V,Y,Y,58,67,43,10,28.4,43.9,0.646924829
prmt5 FRI,Col FRI,22,Var,8,V,Y,Y,58,68,52,10,NA,NA,NA
prmt5 FRI,Col FRI,22,Var,8,V,Y,Y,59,66,48,10,29.9,49.5,0.604040404
prmt5 FRI,Col FRI,22,Var,8,V,Y,Y,63,70,49,10,24.2,39.6,0.611111111
vin3-4 FRI,Col FRI,12,Con,16,NV,Y,Y,59,71,53,9,21.9,32,0.684375
vin3-4 FRI,Col FRI,12,Con,16,NV,Y,Y,61,75,49,10,24.2,36.5,0.663013699
vin3-4 FRI,Col FRI,12,Con,16,NV,Y,Y,62,75,38,7,23.7,39.2,0.604591837
vin3-4 FRI,Col FRI,12,Con,16,NV,Y,Y,62,78,61,11,22.2,39.9,0.556390977
vin3-4 FRI,Col FRI,12,Con,16,NV,Y,Y,63,76,63,11,24.9,45.2,0.550884956
vin3-4 FRI,Col FRI,12,Con,16,NV,Y,Y,64,79,54,11,23.2,39.3,0.590330789
vin3-4 FRI,Col FRI,12,Con,16,NV,Y,Y,65,81,46,9,24.1,38.6,0.624352332
vin3-4 FRI,Col FRI,12,Con,16,NV,Y,Y,66,83,52,7,20.2,32.2,0.627329193
vin3-4 FRI,Col FRI,12,Con,8,NV,Y,Y,118,143,90,5,19.2,30.6,0.62745098
vin3-4 FRI,Col FRI,12,Con,8,NV,Y,Y,123,144,92,6,20.2,40.8,0.495098039
vin3-4 FRI,Col FRI,12,Con,8,NV,Y,Y,134,153,94,6,17.9,34,0.526470588
vin3-4 FRI,Col FRI,12,Con,8,NV,Y,Y,141,176,106,11,28.6,52.8,0.541666667
vin3-4 FRI,Col FRI,12,Con,8,NV,Y,Y,142,162,90,9,18.9,33.7,0.560830861
vin3-4 FRI,Col FRI,12,Con,8,NV,Y,Y,146,NA,NA,NA,20.8,37.6,0.553191489
vin3-4 FRI,Col FRI,12,Con,8,NV,Y,Y,159,182,112,5,20.4,40.9,0.498777506
vin3-4 FRI,Col FRI,12,Con,8,NV,Y,Y,159,182,104,7,20.2,37.3,0.54155496
vin3-4 FRI,Col FRI,12,Var,16,NV,Y,Y,59,73,43,9,22.6,39.4,0.573604061
vin3-4 FRI,Col FRI,12,Var,16,NV,Y,Y,63,78,51,8,27.5,41.6,0.661057692
vin3-4 FRI,Col FRI,12,Var,16,NV,Y,Y,63,78,54,8,26.8,36.1,0.742382271
vin3-4 FRI,Col FRI,12,Var,16,NV,Y,Y,63,78,59,7,33.7,55.7,0.60502693
vin3-4 FRI,Col FRI,12,Var,16,NV,Y,Y,64,NA,NA,NA,26.9,39.7,0.677581864
vin3-4 FRI,Col FRI,12,Var,16,NV,Y,Y,64,78,51,10,22.8,39.7,0.574307305
vin3-4 FRI,Col FRI,12,Var,16,NV,Y,Y,66,81,56,8,29.3,44.1,0.664399093
vin3-4 FRI,Col FRI,12,Var,16,NV,Y,Y,69,82,57,8,26.1,41.9,0.622911695
vin3-4 FRI,Col FRI,12,Var,8,NV,Y,Y,104,129,72,5,24.1,38.5,0.625974026
vin3-4 FRI,Col FRI,12,Var,8,NV,Y,Y,109,132,82,7,28.4,39.6,0.717171717
vin3-4 FRI,Col FRI,12,Var,8,NV,Y,Y,122,155,85,5,25,43.2,0.578703704
vin3-4 FRI,Col FRI,12,Var,8,NV,Y,Y,123,146,83,5,24.8,39.2,0.632653061
vin3-4 FRI,Col FRI,12,Var,8,NV,Y,Y,126,146,78,4,18.9,33.2,0.569277108
vin3-4 FRI,Col FRI,12,Var,8,NV,Y,Y,134,157,87,6,23,40.8,0.56372549
vin3-4 FRI,Col FRI,12,Var,8,NV,Y,Y,134,159,80,5,20,38.2,0.523560209
vin3-4 FRI,Col FRI,12,Var,8,NV,Y,Y,151,174,93,9,22.7,44.3,0.51241535
vin3-4 FRI,Col FRI,22,Con,16,NV,Y,Y,45,50,33,5,22.9,35.3,0.648725212
vin3-4 FRI,Col FRI,22,Con,16,NV,Y,Y,58,64,54,10,NA,NA,NA
vin3-4 FRI,Col FRI,22,Con,16,NV,Y,Y,63,69,53,11,NA,NA,NA
vin3-4 FRI,Col FRI,22,Con,16,NV,Y,Y,64,70,52,9,22.1,28,0.789285714
vin3-4 FRI,Col FRI,22,Con,16,NV,Y,Y,65,70,55,12,NA,NA,NA
vin3-4 FRI,Col FRI,22,Con,16,NV,Y,Y,83,92,NA,NA,NA,NA,NA
vin3-4 FRI,Col FRI,22,Con,16,NV,Y,Y,86,93,53,10,21.4,31.7,0.675078864
vin3-4 FRI,Col FRI,22,Con,16,NV,Y,Y,88,93,71,10,26.9,35.2,NA
vin3-4 FRI,Col FRI,22,Con,8,NV,Y,Y,131,134,NA,NA,NA,NA,NA
vin3-4 FRI,Col FRI,22,Con,8,NV,Y,Y,135,149,NA,NA,NA,NA,NA
vin3-4 FRI,Col FRI,22,Con,8,NV,Y,N,162,NA,NA,NA,NA,NA,NA
vin3-4 FRI,Col FRI,22,Con,8,NV,Y,N,162,NA,NA,NA,NA,NA,NA
vin3-4 FRI,Col FRI,22,Con,8,NV,Y,N,162,NA,NA,NA,NA,NA,NA
vin3-4 FRI,Col FRI,22,Con,8,NV,Y,N,162,NA,NA,NA,NA,NA,NA
vin3-4 FRI,Col FRI,22,Con,8,NV,Y,N,162,NA,NA,NA,NA,NA,NA
vin3-4 FRI,Col FRI,22,Con,8,NV,Y,N,162,NA,NA,NA,NA,NA,NA
vin3-4 FRI,Col FRI,22,Var,16,NV,Y,Y,35,42,29,6,25.1,45.8,0.548034934
vin3-4 FRI,Col FRI,22,Var,16,NV,Y,Y,35,42,27,5,25.1,47.6,0.527310924
vin3-4 FRI,Col FRI,22,Var,16,NV,Y,Y,36,44,28,5,24.3,44.6,0.544843049
vin3-4 FRI,Col FRI,22,Var,16,NV,Y,Y,39,47,30,5,24.3,44.1,0.551020408
vin3-4 FRI,Col FRI,22,Var,16,NV,Y,Y,41,48,35,4,NA,NA,NA
vin3-4 FRI,Col FRI,22,Var,16,NV,Y,Y,42,48,37,6,NA,NA,NA
vin3-4 FRI,Col FRI,22,Var,16,NV,Y,Y,45,53,39,5,NA,NA,NA
vin3-4 FRI,Col FRI,22,Var,16,NV,Y,Y,45,50,39,6,NA,NA,NA
vin3-4 FRI,Col FRI,22,Var,8,NV,Y,Y,74,81,57,12,NA,NA,NA
vin3-4 FRI,Col FRI,22,Var,8,NV,Y,Y,80,91,69,10,NA,NA,NA
vin3-4 FRI,Col FRI,22,Var,8,NV,Y,Y,93,102,73,12,NA,NA,NA
vin3-4 FRI,Col FRI,22,Var,8,NV,Y,Y,130,NA,NA,NA,NA,NA,NA
vin3-4 FRI,Col FRI,12,Con,16,V,Y,Y,53,66,47,11,21.3,39.7,0.536523929
vin3-4 FRI,Col FRI,12,Con,16,V,Y,Y,54,68,52,9,19.4,36.2,0.535911602
vin3-4 FRI,Col FRI,12,Con,16,V,Y,Y,54,66,53,8,20,37,0.540540541
vin3-4 FRI,Col FRI,12,Con,16,V,Y,Y,55,69,51,10,24.2,43,0.562790698
vin3-4 FRI,Col FRI,12,Con,16,V,Y,Y,55,69,56,9,24,45.4,0.528634361
vin3-4 FRI,Col FRI,12,Con,16,V,Y,Y,56,70,49,8,21.3,36.1,0.590027701
vin3-4 FRI,Col FRI,12,Con,16,V,Y,Y,56,69,52,9,18,30.9,0.582524272
vin3-4 FRI,Col FRI,12,Con,16,V,Y,Y,58,71,52,8,12.8,32.5,0.393846154
vin3-4 FRI,Col FRI,12,Con,8,V,Y,Y,104,127,78,7,20.2,33.6,0.601190476
vin3-4 FRI,Col FRI,12,Con,8,V,Y,Y,110,136,86,10,29.5,47.2,0.625
vin3-4 FRI,Col FRI,12,Con,8,V,Y,Y,111,138,89,7,23.2,41,0.565853659
vin3-4 FRI,Col FRI,12,Con,8,V,Y,Y,116,NA,NA,NA,20.5,37.1,0.552560647
vin3-4 FRI,Col FRI,12,Con,8,V,Y,Y,119,145,83,8,19.8,33.4,0.592814371
vin3-4 FRI,Col FRI,12,Con,8,V,Y,Y,126,154,85,9,24.6,39.6,0.621212121
vin3-4 FRI,Col FRI,12,Con,8,V,Y,Y,133,163,99,7,NA,NA,NA
vin3-4 FRI,Col FRI,12,Con,8,V,Y,Y,133,159,89,10,19.7,35,0.562857143
vin3-4 FRI,Col FRI,12,Var,16,V,Y,Y,54,67,54,9,23.2,40.3,0.575682382
vin3-4 FRI,Col FRI,12,Var,16,V,Y,Y,55,68,55,8,24.4,33.4,0.730538922
vin3-4 FRI,Col FRI,12,Var,16,V,Y,Y,56,69,50,8,22.4,38.1,0.587926509
vin3-4 FRI,Col FRI,12,Var,16,V,Y,Y,56,71,52,10,22.7,41.1,0.552311436
vin3-4 FRI,Col FRI,12,Var,16,V,Y,Y,56,69,54,9,29.4,41.5,0.708433735
vin3-4 FRI,Col FRI,12,Var,16,V,Y,Y,57,69,55,8,20.5,34.5,0.594202899
vin3-4 FRI,Col FRI,12,Var,16,V,Y,Y,57,71,52,8,22.2,38.9,0.570694087
vin3-4 FRI,Col FRI,12,Var,16,V,Y,Y,62,74,46,8,23.5,39.2,0.599489796
vin3-4 FRI,Col FRI,12,Var,8,V,Y,Y,98,122,79,9,31.2,52.7,0.592030361
vin3-4 FRI,Col FRI,12,Var,8,V,Y,Y,101,123,68,9,22.8,40.2,0.567164179
vin3-4 FRI,Col FRI,12,Var,8,V,Y,Y,110,131,80,6,24.3,40.6,0.598522167
vin3-4 FRI,Col FRI,12,Var,8,V,Y,Y,110,132,77,5,22,37.3,0.589812332
vin3-4 FRI,Col FRI,12,Var,8,V,Y,Y,116,142,84,7,20.6,35.7,0.577030812
vin3-4 FRI,Col FRI,12,Var,8,V,Y,Y,123,147,69,8,23.3,40.7,0.572481572
vin3-4 FRI,Col FRI,12,Var,8,V,Y,Y,132,153,87,4,18.1,40.7,0.444717445
vin3-4 FRI,Col FRI,12,Var,8,V,Y,Y,132,157,88,5,20.7,39.7,0.521410579
vin3-4 FRI,Col FRI,22,Con,16,V,Y,Y,39,NA,35,7,22.5,34.9,0.64469914
vin3-4 FRI,Col FRI,22,Con,16,V,Y,Y,60,65,47,8,19.3,32.9,0.58662614
vin3-4 FRI,Col FRI,22,Con,16,V,Y,Y,62,70,47,8,22.1,33.9,0.651917404
vin3-4 FRI,Col FRI,22,Con,16,V,Y,Y,65,70,53,11,NA,NA,NA
vin3-4 FRI,Col FRI,22,Con,16,V,Y,Y,72,79,58,13,NA,NA,NA
vin3-4 FRI,Col FRI,22,Con,16,V,Y,Y,76,83,61,12,NA,NA,NA
vin3-4 FRI,Col FRI,22,Con,16,V,Y,Y,78,83,54,11,NA,NA,NA
vin3-4 FRI,Col FRI,22,Con,16,V,Y,Y,81,88,55,5,24.5,44.1,0.555555556
vin3-4 FRI,Col FRI,22,Con,8,V,Y,Y,151,161,NA,NA,NA,NA,NA
vin3-4 FRI,Col FRI,22,Con,8,V,Y,N,162,NA,NA,NA,NA,NA,NA
vin3-4 FRI,Col FRI,22,Con,8,V,Y,N,162,NA,NA,NA,NA,NA,NA
vin3-4 FRI,Col FRI,22,Con,8,V,Y,N,162,NA,NA,NA,NA,NA,NA
vin3-4 FRI,Col FRI,22,Con,8,V,Y,N,162,NA,NA,NA,NA,NA,NA
vin3-4 FRI,Col FRI,22,Con,8,V,Y,N,162,NA,NA,NA,NA,NA,NA
vin3-4 FRI,Col FRI,22,Con,8,V,Y,N,162,NA,NA,NA,NA,NA,NA
vin3-4 FRI,Col FRI,22,Con,8,V,Y,N,162,NA,NA,NA,NA,NA,NA
vin3-4 FRI,Col FRI,22,Var,16,V,Y,Y,35,43,34,7,25.9,46.9,0.552238806
vin3-4 FRI,Col FRI,22,Var,16,V,Y,Y,39,45,34,7,23.6,42.6,0.55399061
vin3-4 FRI,Col FRI,22,Var,16,V,Y,Y,40,45,35,7,23.9,44.4,0.538288288
vin3-4 FRI,Col FRI,22,Var,16,V,Y,Y,41,47,32,5,NA,NA,NA
vin3-4 FRI,Col FRI,22,Var,16,V,Y,Y,42,47,35,6,24.9,48.5,0.513402062
vin3-4 FRI,Col FRI,22,Var,16,V,Y,Y,44,52,33,6,NA,NA,NA
vin3-4 FRI,Col FRI,22,Var,16,V,Y,Y,45,52,36,6,NA,NA,NA
vin3-4 FRI,Col FRI,22,Var,16,V,Y,Y,48,55,38,8,NA,NA,NA
vin3-4 FRI,Col FRI,22,Var,8,V,Y,Y,83,97,56,7,27.5,52.3,0.52581262
vin3-4 FRI,Col FRI,22,Var,8,V,Y,Y,98,112,70,6,NA,NA,NA
vin3-4 FRI,Col FRI,22,Var,8,V,Y,Y,118,NA,NA,NA,NA,NA,NA
vin3-4 FRI,Col FRI,22,Var,8,V,Y,Y,132,NA,NA,NA,NA,NA,NA
vin3-4 FRI,Col FRI,22,Var,8,V,Y,N,162,NA,NA,NA,NA,NA,NA
